ONLY FOR ONE WAY INTERACTION,,
input_test,pred_test(GNN),pred_test(ANN)
0.454,0.58218175,0.5393788
0.174,0.58218175,0.22145547
0.506,0.5801877,0.43548465
0.265,0.5761995,0.50515515
0.496,0.5761994,0.18729879
0.483,0.5761994,0.20973758
0.535,0.5801877,0.43633544
0.535,0.57819355,0.5243892
0.265,0.57819355,0.48019594
0.496,0.5801877,0.1842715
0.724,0.5841758,0.48038584
0.444,0.57420534,0.4739558
0.483,0.57819355,0.794565
0.815,0.57420534,0.31202614
0.174,0.5761995,0.47872794
0.226,0.5801877,0.51833755
0.454,0.57420534,0.19807109
0.444,0.5761995,0.5476916
0.763,0.57420534,0.58145547
0.776,0.57819355,0.83272946
0.815,0.57819355,0.5143784
0.776,0.5801877,0.4726017
0.444,0.58616996,0.47525334
0.496,0.57819355,0.25533608
0.724,0.5801877,0.25936732
0.174,0.58218175,0.42288613
0.776,0.57420534,0.25293452
0.496,0.57221127,0.8408037
0.535,0.5761994,0.535028
0.545,0.5761995,0.3959912
0.763,0.5901581,0.4698807
0.493,0.5841758,0.3093109
0.776,0.5761994,0.7917689
0.506,0.57021713,0.47842827
0.444,0.57819355,0.30656105
0.815,0.58816403,0.48962975
0.535,0.5801877,0.27561432
0.493,0.58616996,0.31273422
0.226,0.58218175,0.46321404
0.545,0.58218175,0.2271571
0.174,0.58218175,0.12357609
0.483,0.5761995,0.50465417
0.815,0.5622407,0.13113797
0.454,0.57420534,0.55175006
0.213,0.5761995,0.45927936
0.763,0.57221127,0.81901664
0.506,0.57420534,0.34233847
0.483,0.5761994,0.29578018
0.815,0.5801877,0.38048768
0.265,0.57221127,0.5045877
0.724,0.58218175,0.8412594
0.454,0.5801877,0.5170367
0.496,0.57021713,0.474042
0.545,0.5841758,0.2549467
0.213,0.57819355,0.29978463
0.506,0.5801877,0.49008298
0.444,0.57420534,0.55355847
0.776,0.5761994,0.5122805
0.493,0.57819355,0.27122885
0.506,0.57221127,0.52622736
0.213,0.58218175,0.5350824
0.776,0.5801877,0.4980613
0.496,0.5761994,0.25947595
0.483,0.5801877,0.75705403
0.496,0.57221127,0.5559949
0.226,0.57221127,0.4192003
0.454,0.57819355,0.8338792
0.265,0.5761995,0.4581806
0.226,0.5801877,0.23175727
0.724,0.58218175,0.537252
0.226,0.5801877,0.53702384
0.545,0.58218175,0.48708194
0.535,0.566229,0.18895179
0.213,0.5841758,0.4840151
0.776,0.57819355,0.17789494
0.776,0.5841758,0.26135838
0.493,0.5901581,0.53904104
0.724,0.58218175,0.5251426
0.776,0.5761995,0.4641155
0.213,0.5761995,0.45241672
0.724,0.5761994,0.490794
0.493,0.5841758,0.8239775
0.444,0.57420534,0.5008889
0.724,0.57420534,0.5073882
0.493,0.5841758,0.232592
0.265,0.58616996,0.5137961
0.493,0.58616996,0.43386954
0.454,0.58218175,0.4831108
0.724,0.57021713,0.4777187
0.454,0.57819355,0.45415646
0.815,0.5761995,0.37981236
0.454,0.5761995,0.20322888
0.265,0.57420534,0.2549997
0.724,0.57819355,0.71003354
0.776,0.57819355,0.82991016
0.213,0.58816403,0.8300621
0.535,0.57819355,0.20169827
0.226,0.57221127,0.40191603
0.213,0.58218175,0.24630146
0.265,0.57420534,0.41949683
0.226,0.5761994,0.73266244
0.493,0.5761994,0.23008212
0.213,0.57420534,0.14321673
0.815,0.57221127,0.77754146
0.265,0.5761995,0.512181
0.724,0.57819355,0.28294343
0.226,0.57819355,0.28956735
0.506,0.5801877,0.40462303
0.506,0.58616996,0.40728384
0.776,0.58616996,0.20004022
0.226,0.566229,0.76268655
0.265,0.57819355,0.5090863
0.483,0.5761994,0.48342144
0.265,0.58616996,0.51681775
0.444,0.5761994,0.5085401
0.776,0.57819355,0.5011126
0.493,0.58218175,0.35152826
0.815,0.5801877,0.7633854
0.724,0.57420534,0.7851978
0.213,0.5761995,0.70859885
0.444,0.57221127,0.48483628
0.483,0.57819355,0.7811366
0.506,0.5761995,0.51365685
0.815,0.5841758,0.79854804
0.724,0.5761994,0.84933573
0.483,0.5801877,0.24807616
0.483,0.56822306,0.22584109
0.535,0.57221127,0.7379149
0.724,0.57819355,0.5026419
0.724,0.57819355,0.26905882
0.265,0.5761995,0.1360613
0.213,0.5841758,0.49024528
0.535,0.5801877,0.6929853
0.265,0.57819355,0.51798064
0.483,0.57021713,0.5105773
0.174,0.57819355,0.42575955
0.493,0.57420534,0.50600433
0.454,0.5841758,0.8071292
0.174,0.57221127,0.7701353
0.174,0.58218175,0.7948577
0.226,0.5761994,0.75201356
0.724,0.5801877,0.5668668
0.483,0.58218175,0.20484883
0.226,0.57021713,0.5326736
0.535,0.5901581,0.42874277
0.506,0.5801877,0.49712503
0.265,0.5801877,0.16908613
0.776,0.5801877,0.20974126
0.213,0.5801877,0.49645448
0.776,0.57819355,0.3314425
0.454,0.57819355,0.42762786
0.493,0.59015816,0.50338674
0.545,0.5841758,0.2649582
0.444,0.57420534,0.5309505
0.496,0.5662289,0.40507653
0.454,0.57221127,0.60440946
0.545,0.5761995,0.26627687
0.724,0.5801877,0.7486813
0.454,0.57021713,0.25918177
0.535,0.566229,0.7873263
0.265,0.57819355,0.76972246
0.493,0.57221127,0.87514985
0.483,0.5761994,0.29162925
0.213,0.5801877,0.49202138
0.496,0.57021713,0.6847085
0.763,0.5801877,0.52598995
0.444,0.57819355,0.79952484
0.213,0.5801877,0.41615188
0.815,0.57221127,0.73951346
0.506,0.5761994,0.46259886
0.776,0.57221127,0.50478005
0.174,0.57819355,0.24370183
0.174,0.5841758,0.49178874
0.545,0.57819355,0.5376087
0.226,0.57021713,0.55079335
0.483,0.58616996,0.45254827
0.776,0.57021713,0.7910212
0.496,0.57819355,0.450686
0.496,0.58218175,0.18309706
0.724,0.58218175,0.4334001
0.776,0.57819355,0.756509
0.483,0.57819355,0.48062587
0.493,0.5841758,0.30504596
0.724,0.57819355,0.46172455
0.763,0.58218175,0.41014344
0.174,0.57420534,0.45648116
0.776,0.56822306,0.231014
0.815,0.5801877,0.5172475
0.226,0.5761994,0.26844522
0.545,0.5801877,0.16672346
0.724,0.5801877,0.50326025
0.493,0.58816403,0.19370775
0.545,0.5801877,0.48839366
0.483,0.5801877,0.22751309
0.493,0.5761994,0.49538302
0.496,0.57819355,0.7790729
0.763,0.58218175,0.51251507
0.493,0.5761995,0.64706594
0.496,0.57021713,0.47082388
0.724,0.5761995,0.4547091
0.506,0.58616996,0.5711398
0.815,0.5801877,0.7550203
0.265,0.58218175,0.47961307
0.724,0.58616996,0.6965662
0.493,0.5801877,0.49655288
0.535,0.57221127,0.2680202
0.483,0.5761994,0.5646343
0.174,0.57221127,0.47763646
0.483,0.57819355,0.28474486
0.763,0.5841758,0.7780301
0.815,0.5801877,0.4390903
0.496,0.57221127,0.22314939
0.815,0.58218175,0.7751931
0.496,0.57021713,0.469668
0.226,0.5801877,0.19487378
0.444,0.5761994,0.4616223
0.483,0.5761995,0.55106
0.174,0.57420534,0.2595321
0.483,0.57221127,0.22475596
0.815,0.57819355,0.18686967
0.496,0.57420534,0.4274278
0.763,0.5801877,0.5726454
0.483,0.57221127,0.22586401
0.724,0.58816403,0.19655319
0.506,0.57420534,0.44163328
0.776,0.57819355,0.51109576
0.213,0.58616996,0.52803385
0.483,0.57021713,0.4922974
0.213,0.5801877,0.20242451
0.213,0.57221127,0.5454776
0.496,0.57420534,0.25036675
0.174,0.57420534,0.2556612
0.815,0.5761994,0.4768665
0.776,0.5761994,0.44170266
0.226,0.5841758,0.4802425
0.454,0.57819355,0.4756763
0.506,0.5801877,0.4667707
0.815,0.58218175,0.7105479
0.483,0.5801877,0.27620548
0.454,0.58816403,0.8144054
0.265,0.57221127,0.6901819
0.213,0.57021713,0.531207
0.545,0.5761994,0.44029796
0.506,0.58218175,0.71191096
0.174,0.57819355,0.5074914
0.506,0.57819355,0.4925962
0.454,0.58816403,0.7809829
0.545,0.56822306,0.2334785
0.724,0.58616996,0.79849863
0.444,0.5761994,0.70146686
0.506,0.5801877,0.7349715
0.506,0.58218175,0.47049627
0.545,0.5801877,0.16974688
0.265,0.57420534,0.7466151
0.226,0.57420534,0.47005558
0.545,0.57819355,0.26994595
0.454,0.58218175,0.2701981
0.815,0.5801877,0.49131814
0.444,0.5841758,0.72539395
0.213,0.5761995,0.4533916
0.763,0.5761995,0.17587431
0.483,0.5761994,0.3820067
0.815,0.5841758,0.8329471
0.265,0.5761995,0.70705026
0.724,0.57221127,0.7259719
0.535,0.57819355,0.82188904
0.483,0.5801877,0.80811137
0.265,0.5801877,0.40801346
0.724,0.57819355,0.5205722
0.444,0.5761995,0.7135776
0.493,0.58218175,0.45163268
0.213,0.56822306,0.4634145
0.724,0.57420534,0.40215605
0.265,0.5841758,0.8399548
0.815,0.5761995,0.7489849
0.545,0.5801877,0.5307502
0.496,0.566229,0.8180616
0.213,0.5801877,0.4558044
0.535,0.57021713,0.25493678
0.535,0.5761995,0.7171093
0.815,0.5801877,0.15144718
0.776,0.5761994,0.7936335
0.444,0.58218175,0.5032297
0.174,0.57819355,0.8306408
0.213,0.58218175,0.26763803
0.763,0.58218175,0.77864045
0.763,0.5841758,0.48121995
0.265,0.58816403,0.28858578
0.496,0.5801877,0.4878084
0.496,0.5801877,0.46222383
0.506,0.57819355,0.54451394
0.454,0.5801877,0.44774312
0.496,0.5761994,0.46510544
0.444,0.57221127,0.38963187
0.724,0.57819355,0.2129872
0.763,0.5841758,0.70215106
0.776,0.57420534,0.4448641
0.226,0.57420534,0.6953229
0.506,0.57819355,0.7710756
0.444,0.57420534,0.17081323
0.496,0.5801877,0.5423759
0.776,0.5761994,0.47840023
0.483,0.5801877,0.23585738
0.454,0.58218175,0.5607172
0.763,0.5801877,0.5615757
0.213,0.5801877,0.2419988
0.174,0.5761995,0.46320403
0.483,0.5761994,0.26424167
0.444,0.57021713,0.7506288
0.493,0.5901581,0.7548224
0.213,0.5801877,0.5157282
0.496,0.57021713,0.48086667
0.776,0.56822306,0.48932263
0.226,0.5841758,0.19288433
0.496,0.566229,0.18772785
0.535,0.56822306,0.5041946
0.226,0.5801877,0.44163078
0.724,0.57819355,0.4204296
0.483,0.57221127,0.4145401
0.493,0.5801877,0.24084528
0.174,0.57819355,0.5667469
0.213,0.57819355,0.5698089
0.444,0.57021713,0.46115744
0.444,0.57420534,0.75977975
0.535,0.57420534,0.22963469
0.213,0.5801877,0.5267423
0.483,0.5801877,0.22439043
0.776,0.58218175,0.79196405
0.493,0.5841758,0.77268934
0.496,0.5801877,0.51961744
0.763,0.5801877,0.5151713
0.776,0.5801877,0.40864414
0.493,0.58616996,0.46667147
0.506,0.57420534,0.21982916
0.444,0.57420534,0.47912246
0.776,0.57221127,0.46125203
0.776,0.5761994,0.69445527
0.545,0.5801877,0.20253892
0.444,0.5761994,0.41518086
0.454,0.57819355,0.7251881
0.483,0.58218175,0.52367646
0.496,0.56822306,0.8008163
0.496,0.57221127,0.46398193
0.174,0.5801877,0.8472426
0.545,0.5801877,0.26092815
0.763,0.5801877,0.5437127
0.763,0.5841758,0.8118685
0.535,0.5761994,0.5238604
0.444,0.5801877,0.55500644
0.265,0.5841758,0.32611853
0.506,0.57819355,0.74065083
0.815,0.5801877,0.49707514
0.506,0.5761994,0.21070151
0.444,0.5801877,0.5885819
0.776,0.57819355,0.18806626
0.213,0.57420534,0.5469723
0.226,0.57819355,0.73027825
0.213,0.5841758,0.3810532
0.535,0.58616996,0.25766745
0.174,0.5801877,0.75635535
0.815,0.5801877,0.79454905
0.213,0.5761995,0.46801805
0.535,0.5761995,0.78570884
0.724,0.57819355,0.5674215
0.213,0.58616996,0.5507659
0.174,0.58218175,0.4996397
0.493,0.57420534,0.19220701
0.763,0.5841758,0.2823583
0.174,0.5801877,0.45649412
0.496,0.58218175,0.8190987
0.493,0.5801877,0.2735389
0.545,0.57021713,0.47671014
0.213,0.57819355,0.2658846
0.776,0.57819355,0.62664163
0.815,0.57819355,0.25279284
0.493,0.5761995,0.46834362
0.535,0.57420534,0.5341332
0.496,0.57221127,0.23694222
0.493,0.58616996,0.40968665
0.265,0.5801877,0.49336842
0.444,0.57221127,0.5164768
0.815,0.57221127,0.42687377
0.265,0.5801877,0.47331333
0.763,0.58218175,0.66778684
0.724,0.5841758,0.489964
0.724,0.5841758,0.26836896
0.483,0.5761995,0.45019943
0.493,0.5801877,0.48895627
0.496,0.57221127,0.42586493
0.724,0.5761994,0.7955133
0.454,0.57420534,0.22001924
0.454,0.57819355,0.17674433
0.493,0.58616996,0.44618443
0.535,0.57420534,0.5010969
0.454,0.5841758,0.48087925
0.174,0.57819355,0.48707306
0.483,0.58218175,0.6838882
0.535,0.5761994,0.46932286
0.483,0.5801877,0.6878069
0.174,0.57819355,0.78475374
0.493,0.5801877,0.69499886
0.444,0.57819355,0.554845
0.776,0.57021713,0.20109825
0.226,0.57420534,0.18047376
0.483,0.57221127,0.44225445
0.444,0.57819355,0.84243417
0.483,0.5761994,0.47679844
0.226,0.57221127,0.17050412
0.776,0.57420534,0.17537129
0.174,0.58218175,0.47556472
0.483,0.58218175,0.46145502
0.535,0.57819355,0.41299835
0.815,0.5761995,0.49980402
0.776,0.5761994,0.74991566
0.496,0.57021713,0.8307523
0.454,0.5801877,0.4152056
0.724,0.57819355,0.43990374
0.776,0.5761994,0.42646718
0.454,0.5801877,0.25989628
0.174,0.57819355,0.7622717
0.776,0.57021713,0.14860113
0.265,0.5801877,0.8455545
0.776,0.5761994,0.48263922
0.815,0.57420534,0.46880192
0.493,0.58218175,0.21284378
0.265,0.5801877,0.4058922
0.265,0.5761995,0.3973289
0.454,0.57819355,0.5046208
0.454,0.5901581,0.46321708
0.535,0.57221127,0.15762071
0.174,0.57819355,0.5373988
0.763,0.58218175,0.22991382
0.226,0.5761995,0.27262062
0.776,0.57221127,0.48019227
0.444,0.57021713,0.53082407
0.493,0.57221127,0.6130153
0.545,0.57420534,0.47431424
0.444,0.5761994,0.21855573
0.776,0.5622407,0.45741218
0.213,0.58616996,0.54624164
0.506,0.57221127,0.44779265
0.496,0.57021713,0.44727388
0.226,0.5761995,0.76156455
0.444,0.57819355,0.721125
0.496,0.5801877,0.5102438
0.454,0.58218175,0.79525954
0.496,0.57420534,0.44171304
0.776,0.5801877,0.4946463
0.815,0.5801877,0.2816338
0.174,0.56822306,0.49745125
0.265,0.5801877,0.49260068
0.493,0.58816403,0.4553188
0.226,0.57420534,0.7515353
0.535,0.57420534,0.6978117
0.444,0.56423485,0.478943
0.815,0.5801877,0.48892713
0.483,0.58218175,0.46630037
0.493,0.58616996,0.53632134
0.265,0.5801877,0.4264053
0.493,0.5801877,0.8065823
0.493,0.5801877,0.5457964
0.226,0.5801877,0.49385554
0.506,0.57819355,0.23075049
0.535,0.57819355,0.4726339
0.815,0.5761994,0.8321603
0.815,0.5841758,0.48718226
0.493,0.58218175,0.670211
0.496,0.566229,0.23602207
0.483,0.57420534,0.5094461
0.483,0.57819355,0.53350025
0.535,0.57819355,0.21886759
0.496,0.56822306,0.47155088
0.776,0.57819355,0.18813199
0.493,0.5801877,0.47127736
0.265,0.57021713,0.21556328
0.496,0.57221127,0.78447217
0.545,0.57819355,0.75108
0.444,0.57819355,0.2799216
0.213,0.5761994,0.5008728
0.545,0.58616996,0.5600676
0.226,0.58218175,0.49278763
0.454,0.5761994,0.5447535
0.545,0.57221127,0.4477117
0.724,0.57420534,0.18685652
0.226,0.5761995,0.23798133
0.483,0.5841758,0.4832787
0.535,0.58218175,0.24540856
0.724,0.57420534,0.5141984
0.493,0.5801877,0.22557461
0.265,0.5841758,0.293234
0.454,0.58616996,0.7777582
0.545,0.5801877,0.7266135
0.213,0.58616996,0.4769352
0.724,0.58218175,0.4756207
0.213,0.57420534,0.5524949
0.815,0.5761994,0.4447446
0.454,0.57819355,0.53415
0.493,0.5801877,0.44320542
0.174,0.58816403,0.7066401
0.815,0.5801877,0.7250811
0.496,0.56822306,0.16868758
0.444,0.57420534,0.54335725
0.535,0.5841758,0.4806034
0.226,0.57420534,0.27219087
0.444,0.57221127,0.2596997
0.496,0.57819355,0.76939696
0.226,0.57021713,0.45180786
0.496,0.57021713,0.76321286
0.226,0.57420534,0.48027104
0.483,0.57420534,0.66750425
0.493,0.5801877,0.75250214
0.213,0.5801877,0.4891935
0.496,0.57021713,0.68603
0.506,0.57819355,0.76295567
0.496,0.5761995,0.23749071
0.265,0.5801877,0.44723713
0.496,0.57819355,0.46880627
0.454,0.57420534,0.26996818
0.815,0.5761994,0.2559393
0.174,0.5761994,0.24868186
0.213,0.5901581,0.49623162
0.493,0.58218175,0.4812452
0.454,0.58218175,0.45382193
0.506,0.5841758,0.51482344
0.174,0.57420534,0.39555177
0.493,0.58616996,0.44438124
0.506,0.5761994,0.18113494
0.496,0.57221127,0.46725786
0.724,0.5761994,0.51680255
0.496,0.57021713,0.4874765
0.545,0.5761995,0.23193002
0.815,0.57819355,0.49065733
0.763,0.5841758,0.77958804
0.763,0.58616996,0.5147328
0.724,0.5761994,0.5341326
0.496,0.57221127,0.5309271
0.506,0.57221127,0.45946366
0.506,0.58218175,0.43034095
0.776,0.57420534,0.41601393
0.535,0.57420534,0.4208653
0.535,0.56423485,0.79438806
0.493,0.5801877,0.8393608
0.763,0.5841758,0.24743935
0.213,0.57819355,0.5727464
0.506,0.57021713,0.5205379
0.226,0.5841758,0.4857784
0.776,0.5761995,0.45438153
0.226,0.5761995,0.49912304
0.483,0.5841758,0.28719997
0.496,0.5761995,0.7230396
0.776,0.57420534,0.23542823
0.226,0.5801877,0.57257414
0.815,0.5841758,0.5196329
0.506,0.5801877,0.15290467
0.763,0.5761994,0.23350534
0.545,0.5761994,0.49369228
0.483,0.5841758,0.3086815
0.535,0.57221127,0.74170125
0.213,0.5801877,0.22518939
0.483,0.5841758,0.43149823
0.454,0.5801877,0.8440395
0.493,0.5801877,0.23587069
0.226,0.57021713,0.25052232
0.506,0.5761994,0.49336696
0.483,0.5761994,0.51817375
0.174,0.58218175,0.8006051
0.776,0.56822306,0.48584044
0.545,0.5761995,0.781511
0.483,0.57221127,0.7208184
0.493,0.58616996,0.2969883
0.213,0.58616996,0.29345888
0.174,0.58816403,0.50970966
0.496,0.57819355,0.578115
0.226,0.58218175,0.7150523
0.226,0.56822306,0.20477594
0.454,0.5761994,0.579715
0.454,0.58616996,0.24144964
0.724,0.57819355,0.49519986
0.545,0.5841758,0.8599751
0.174,0.58616996,0.7653058
0.493,0.566229,0.46825022
0.815,0.58616996,0.76405716
0.763,0.5801877,0.8995167
0.174,0.5801877,0.5651687
0.535,0.5801877,0.49825382
0.545,0.5761995,0.5037804
0.815,0.5801877,0.5613318
0.444,0.57221127,0.46354234
0.174,0.58218175,0.2004613
0.213,0.5801877,0.54991144
0.493,0.5801877,0.8300131
0.496,0.56822306,0.77530885
0.724,0.57420534,0.79079694
0.815,0.58218175,0.79467255
0.763,0.57819355,0.88392806
0.493,0.58218175,0.5271822
0.444,0.58218175,0.20147058
0.174,0.57420534,0.14787869
0.444,0.57819355,0.5806518
0.545,0.58816403,0.27801898
0.483,0.57420534,0.5309282
0.815,0.58218175,0.51572406
0.496,0.57819355,0.4065125
0.493,0.5841758,0.19143888
0.226,0.57420534,0.55332404
0.776,0.5801877,0.1663908
0.493,0.57819355,0.45682153
0.763,0.57021713,0.1861562
0.724,0.57221127,0.78353024
0.483,0.57221127,0.24304852
0.545,0.58616996,0.50313914
0.493,0.5801877,0.1550235
0.213,0.57420534,0.46833968
0.174,0.57819355,0.8414712
0.493,0.5841758,0.2789151
0.506,0.57819355,0.49759877
0.535,0.5761995,0.16406763
0.213,0.5841758,0.54577
0.506,0.57021713,0.722995
0.535,0.57819355,0.23396082
0.506,0.57021713,0.5314921
0.483,0.5801877,0.51250815
0.444,0.5662289,0.26494762
0.454,0.57819355,0.5316213
0.496,0.57021713,0.49762225
0.724,0.5801877,0.5880061
0.213,0.5761995,0.7140432
0.493,0.58816403,0.45751095
0.545,0.58218175,0.69435626
0.174,0.5801877,0.5465689
0.454,0.5801877,0.2278118
0.265,0.57819355,0.83573264
0.763,0.5841758,0.52642447
0.454,0.5801877,0.5051446
0.763,0.58218175,0.22063005
0.444,0.5761994,0.75642675
0.545,0.58218175,0.7820432
0.506,0.57221127,0.17349745
0.535,0.5761994,0.8081592
0.535,0.58218175,0.459719
0.265,0.5761995,0.75797915
0.724,0.58218175,0.4598872
0.454,0.5761995,0.51586294
0.815,0.5801877,0.26723212
0.815,0.5801877,0.5181247
0.265,0.58218175,0.71713847
0.493,0.5801877,0.76542175
0.496,0.57221127,0.50324506
0.444,0.57221127,0.26608872
0.724,0.5761994,0.5620128
0.776,0.5761994,0.3836885
0.545,0.58218175,0.45978868
0.724,0.5801877,0.48243377
0.483,0.58218175,0.56673133
0.496,0.57420534,0.855697
0.724,0.5761994,0.19839299
0.776,0.58218175,0.7735936
0.496,0.57420534,0.5362086
0.493,0.5841758,0.21719073
0.545,0.57819355,0.7194155
0.454,0.5761995,0.5007648
0.763,0.57420534,0.47839105
0.493,0.58616996,0.83054763
0.483,0.5841758,0.43686348
0.226,0.5761995,0.50740004
0.226,0.5801877,0.21444647
0.545,0.5761995,0.5181922
0.213,0.57819355,0.49337128
0.776,0.57021713,0.49849743
0.226,0.57021713,0.83159
0.496,0.56822306,0.494524
0.535,0.5761995,0.47479618
0.213,0.58616996,0.24266292
0.174,0.57021713,0.53488123
0.815,0.58218175,0.78008395
0.483,0.57420534,0.18620917
0.174,0.57420534,0.5230092
0.265,0.58218175,0.23144719
0.535,0.57221127,0.45568103
0.776,0.56822306,0.7239769
0.763,0.5901581,0.25722858
0.815,0.5801877,0.8280634
0.213,0.58218175,0.18406843
0.483,0.5801877,0.8409917
0.226,0.57221127,0.7309989
0.174,0.57819355,0.19641013
0.174,0.5761994,0.18959707
0.226,0.58218175,0.44623476
0.535,0.57221127,0.5700618
0.535,0.57819355,0.53894705
0.724,0.57420534,0.505947
0.483,0.57420534,0.19666997
0.506,0.58816403,0.44443166
0.444,0.5801877,0.17290607
0.815,0.58616996,0.25402832
0.535,0.57420534,0.19385856
0.545,0.5801877,0.5042062
0.506,0.57021713,0.17253494
0.265,0.57819355,0.7019414
0.496,0.56423485,0.7524428
0.506,0.5761995,0.48498043
0.763,0.5841758,0.7432084
0.213,0.5801877,0.45817977
0.265,0.5801876,0.769026
0.265,0.58816403,0.36661515
0.454,0.5761994,0.6562984
0.545,0.56822306,0.49354523
0.763,0.58616996,0.44784456
0.545,0.58218175,0.14967172
0.506,0.58218175,0.8286167
0.535,0.5841758,0.26188326
0.763,0.58218175,0.52027583
0.444,0.57021713,0.4998876
0.776,0.57021713,0.7763319
0.506,0.57819355,0.43485606
0.213,0.5801877,0.22812653
0.763,0.58616996,0.49306327
0.265,0.5801877,0.30021292
0.724,0.57819355,0.16274022
0.506,0.5841758,0.43819872
0.535,0.5761995,0.30191237
0.545,0.5761995,0.7428061
0.174,0.57819355,0.4776321
0.174,0.5841758,0.7467826
0.444,0.57221127,0.17391765
0.265,0.58218175,0.7637683
0.493,0.5841758,0.45011663
0.506,0.5801877,0.5354684
0.454,0.5841758,0.7663023
0.226,0.5761994,0.40490556
0.724,0.57819355,0.82924765
0.226,0.57021713,0.29609594
0.226,0.57420534,0.69710743
0.226,0.57420534,0.4159849
0.763,0.58616996,0.45051455
0.545,0.5801877,0.4848549
0.213,0.57819355,0.49532783
0.213,0.5801877,0.24826217
0.174,0.57420534,0.55893785
0.174,0.5761994,0.8473012
0.226,0.57819355,0.22483729
0.444,0.57420534,0.6768252
0.776,0.5761994,0.43709296
0.213,0.58218175,0.69584376
0.483,0.57420534,0.45804408
0.213,0.5841758,0.4897728
0.454,0.5801877,0.2173302
0.496,0.57420534,0.47964883
0.763,0.57420534,0.57493544
0.545,0.58218175,0.493622
0.545,0.58218175,0.18568516
0.506,0.5801877,0.25930268
0.444,0.57420534,0.71128756
0.213,0.5801877,0.44067597
0.454,0.57819355,0.22583185
0.483,0.5761994,0.49387994
0.454,0.5901581,0.22963974
0.265,0.57819355,0.22004169
0.265,0.5801877,0.56543523
0.454,0.57420534,0.1935838
0.213,0.57819355,0.24765976
0.265,0.57420534,0.537447
0.493,0.58218175,0.5099237
0.776,0.5761994,0.41828272
0.496,0.57221127,0.45884126
0.815,0.5801877,0.24820584
0.265,0.57221127,0.6877536
0.226,0.5761994,0.47459787
0.535,0.57420534,0.49065292
0.535,0.5801877,0.7276472
0.545,0.5841758,0.16402142
0.506,0.58218175,0.46744835
0.496,0.5761995,0.4256007
0.545,0.57420534,0.4933738
0.545,0.5801877,0.5560446
0.213,0.59215224,0.4964509
0.535,0.57021713,0.778505
0.493,0.5901581,0.18036057
0.454,0.58616996,0.48944432
0.535,0.57021713,0.7889769
0.444,0.57221127,0.42190242
0.763,0.5801877,0.42048067
0.545,0.58218175,0.25136507
0.535,0.5761995,0.7648942
0.444,0.5761995,0.7941895
0.483,0.57819355,0.7512654
0.776,0.57819355,0.45003253
0.776,0.57021713,0.4642102
0.174,0.5801877,0.15364696
0.444,0.58218175,0.6986245
0.265,0.58218175,0.7171024
0.444,0.57221127,0.20678322
0.483,0.5761995,0.79673034
0.545,0.57420534,0.46047026
0.226,0.5761995,0.4431785
0.265,0.57021713,0.3429904
0.444,0.58616996,0.77584344
0.776,0.57819355,0.7627284
0.454,0.57221127,0.48589736
0.265,0.58816403,0.44340032
0.454,0.58816403,0.16698122
0.493,0.5801877,0.48272994
0.483,0.58218175,0.7247628
0.763,0.57420534,0.5250483
0.483,0.5761994,0.52739817
0.174,0.58218175,0.5384059
0.493,0.5901581,0.3026928
0.724,0.5801877,0.7674886
0.496,0.5761994,0.7298792
0.454,0.5901581,0.21467026
0.454,0.58816403,0.11841391
0.454,0.5841758,0.49593967
0.444,0.5841758,0.27452645
0.815,0.5761994,0.27148956
0.174,0.5801877,0.23506014
0.493,0.58218175,0.5129933
0.496,0.57021713,0.4749832
0.454,0.57819355,0.5816982
0.815,0.57420534,0.38722807
0.213,0.57819355,0.83507055
0.483,0.5761995,0.7510095
0.174,0.57819355,0.21408878
0.454,0.5841758,0.20385095
0.454,0.58218175,0.46311486
0.815,0.57420534,0.59287953
0.483,0.58218175,0.5357077
0.535,0.5761995,0.7561799
0.545,0.58218175,0.5068693
0.213,0.57221127,0.43587112
0.506,0.58616996,0.3099169
0.174,0.57819355,0.4514433
0.454,0.5801877,0.7488563
0.776,0.57420534,0.2671107
0.535,0.5841758,0.5106479
0.454,0.5901581,0.2138222
0.535,0.5761994,0.5026238
0.535,0.5761995,0.1695725
0.174,0.58218175,0.44083178
0.174,0.5901581,0.73595756
0.763,0.5841758,0.55642813
0.535,0.5841758,0.49669182
0.724,0.5801877,0.5432561
0.265,0.5841758,0.15825804
0.483,0.5841758,0.50907487
0.776,0.57420534,0.15727429
0.496,0.5761994,0.44470525
0.174,0.5801877,0.49459416
0.213,0.58616996,0.471392
0.444,0.5622408,0.49110484
0.493,0.5761994,0.43734628
0.815,0.58218175,0.7108304
0.265,0.5841758,0.77188194
0.724,0.57819355,0.23357095
0.724,0.5761995,0.51537824
0.763,0.5841758,0.5364395
0.493,0.5801877,0.4787504
0.506,0.5761995,0.4347824
0.213,0.57819355,0.75731856
0.483,0.57420534,0.48703814
0.724,0.5801877,0.76662153
0.213,0.5801877,0.43269825
0.226,0.58816403,0.45728844
0.493,0.58616996,0.5016649
0.226,0.5841758,0.72908497
0.724,0.57819355,0.42285115
0.815,0.57420534,0.19142877
0.506,0.5801877,0.2160572
0.506,0.57420534,0.4835601
0.545,0.58218175,0.46834785
0.483,0.58816403,0.7607452
0.763,0.5801877,0.7699891
0.776,0.57021713,0.25737953
0.506,0.5801877,0.5057089
0.493,0.58616996,0.568397
0.724,0.5801877,0.49319744
0.724,0.57819355,0.61863
0.776,0.5761994,0.50052035
0.815,0.58218175,0.4011777
0.763,0.5801877,0.4873004
0.483,0.58218175,0.25865096
0.496,0.57420534,0.18135937
0.213,0.5841758,0.2312383
0.493,0.58218175,0.36812162
0.724,0.5801877,0.78594756
0.545,0.57420534,0.79901016
0.265,0.5801877,0.49266845
0.174,0.5841758,0.45707703
0.483,0.57221127,0.27794978
0.483,0.57819355,0.19672886
0.535,0.57819355,0.7384025
0.444,0.57819355,0.8055283
0.545,0.5761995,0.48231196
0.444,0.57819355,0.5298765
0.776,0.57021713,0.31063122
0.454,0.58218175,0.21595073
0.444,0.5761994,0.16985951
0.724,0.57819355,0.45987317
0.506,0.566229,0.50990826
0.444,0.566229,0.5280865
0.815,0.57819355,0.44310027
0.226,0.57021713,0.50747794
0.174,0.57420534,0.51489073
0.483,0.57420534,0.17019236
0.506,0.58616996,0.21547273
0.226,0.57221127,0.51671827
0.444,0.5841758,0.47026488
0.213,0.5761994,0.2597086
0.454,0.57021713,0.72499174
0.174,0.5801877,0.16530626
0.506,0.5801877,0.14489056
0.776,0.58616996,0.80457467
0.724,0.57420534,0.6970692
0.763,0.57819355,0.2084412
0.763,0.5801877,0.50785184
0.763,0.57819355,0.54137325
0.763,0.57819355,0.8213411
0.226,0.58218175,0.40119827
0.454,0.5801877,0.23374848
0.454,0.5801877,0.25663692
0.226,0.57420534,0.20347199
0.506,0.57221127,0.48172015
0.226,0.57221127,0.49045575
0.776,0.5801877,0.48337674
0.535,0.57021713,0.23765786
0.506,0.58218175,0.2182117
0.506,0.5841758,0.1886336
0.174,0.58816403,0.5719574
0.815,0.57420534,0.20837583
0.444,0.57420534,0.38891417
0.496,0.57420534,0.2300405
0.213,0.5841758,0.24782823
0.776,0.57221127,0.47756815
0.496,0.57221127,0.66814786
0.724,0.58616996,0.684034
0.545,0.58218175,0.49438602
0.776,0.5801877,0.45006755
0.763,0.57819355,0.8428727
0.493,0.57420534,0.23275264
0.506,0.58218175,0.40637362
0.535,0.57021713,0.4802398
0.483,0.57420534,0.80520445
0.545,0.5841758,0.74572057
0.724,0.57221127,0.4551164
0.265,0.5761994,0.5282472
0.444,0.56423485,0.715482
0.213,0.57819355,0.11270036
0.496,0.5761994,0.42833865
0.213,0.5801877,0.545249
0.496,0.57221127,0.769072
0.535,0.58616996,0.47061434
0.213,0.57819355,0.5773801
0.776,0.5761994,0.45651758
0.213,0.58218175,0.81349945
0.444,0.57221127,0.7761535
0.226,0.57819355,0.25996113
0.265,0.57221127,0.47045767
0.444,0.5801877,0.47996318
0.815,0.57420534,0.5312048
0.265,0.58218175,0.19533347
0.545,0.57221127,0.7497272
0.265,0.57420534,0.5591638
0.265,0.57221127,0.15480909
0.776,0.57819355,0.4480272
0.506,0.57420534,0.4619099
0.174,0.5841758,0.7393789
0.493,0.58616996,0.8034211
0.506,0.5761995,0.82424194
0.174,0.566229,0.5176495
0.724,0.5761994,0.514342
0.226,0.57819355,0.5026577
0.493,0.58218175,0.92051643
0.724,0.57420534,0.456667
0.265,0.57420534,0.6877523
0.444,0.58218175,0.8273763
0.454,0.58218175,0.45108894
0.493,0.58816403,0.48640376
0.454,0.57819355,0.48614377
0.506,0.57420534,0.25874925
0.454,0.57819355,0.45299774
0.763,0.57420534,0.39697236
0.776,0.5801877,0.5394942
0.483,0.57420534,0.47909924
0.535,0.5801876,0.69264543
0.506,0.5841758,0.22322758
0.444,0.56822306,0.7341918
0.724,0.5841758,0.425268
0.535,0.57221127,0.24889004
0.454,0.5841758,0.20097353
0.213,0.5761995,0.54454124
0.545,0.57420534,0.5022531
0.496,0.57420534,0.5181828
0.535,0.5761995,0.551276
0.763,0.5901581,0.5342024
0.444,0.57221127,0.4192773
0.545,0.58816403,0.22158684
0.496,0.5801877,0.48061347
0.265,0.57819355,0.43144333
0.444,0.5761994,0.7818268
0.483,0.57221127,0.17379622
0.265,0.57221127,0.79746187
0.493,0.58616996,0.22715525
0.496,0.566229,0.23951115
0.226,0.57221127,0.5084042
0.444,0.5801877,0.58993596
0.174,0.5761995,0.4382102
0.174,0.57420534,0.45091212
0.496,0.5761994,0.5673896
0.454,0.5841758,0.4374336
0.776,0.56822306,0.52606994
0.545,0.5801877,0.7679722
0.776,0.5761994,0.7213674
0.444,0.57420534,0.76969993
0.535,0.58218175,0.48859417
0.496,0.57420534,0.48550242
0.776,0.57819355,0.81318074
0.454,0.5801877,0.52122915
0.506,0.57221127,0.48000205
0.454,0.57420534,0.45546207
0.724,0.58616996,0.5541527
0.226,0.5761995,0.1959582
0.815,0.57221127,0.4764409
0.213,0.57221127,0.4477054
0.724,0.5841758,0.46332318
0.226,0.58218175,0.4489674
0.213,0.5801877,0.25368682
0.454,0.56822306,0.7718628
0.454,0.58816403,0.14428154
0.545,0.5761995,0.26289117
0.174,0.57819355,0.71388674
0.174,0.5841758,0.7468539
0.776,0.57819355,0.41672713
0.506,0.57819355,0.48348904
0.444,0.5841758,0.80848753
0.506,0.5761994,0.20664103
0.265,0.58218175,0.53863555
0.454,0.5801877,0.47914147
0.265,0.58218175,0.7239977
0.454,0.58218175,0.49474263
0.444,0.57819355,0.4763565
0.506,0.57420534,0.398946
0.506,0.5761995,0.41929528
0.454,0.57221127,0.7483175
0.724,0.57819355,0.21735078
0.763,0.58218175,0.7152055
0.535,0.5801877,0.22835045
0.265,0.57420534,0.8094855
0.226,0.5761994,0.5460062
0.776,0.57420534,0.17281657
0.815,0.57819355,0.42780626
0.506,0.57819355,0.28870863
0.265,0.57221127,0.7574553
0.506,0.5841758,0.61175555
0.545,0.5801877,0.24033935
0.506,0.57420534,0.5315402
0.213,0.58218175,0.80966836
0.454,0.58218175,0.73335063
0.174,0.58616996,0.3945709
0.444,0.57420534,0.7630136
0.483,0.57221127,0.84729385
0.815,0.57420534,0.5483702
0.226,0.57221127,0.43774283
0.496,0.57420534,0.5297127
0.483,0.57819355,0.58070946
0.724,0.5761994,0.511094
0.483,0.57819355,0.57689583
0.535,0.57221127,0.8164982
0.174,0.57819355,0.52637625
0.724,0.57420534,0.43621558
0.493,0.59215224,0.46885848
0.815,0.5801877,0.2628105
0.535,0.5761995,0.4713715
0.493,0.58816403,0.74099994
0.454,0.57420534,0.50568646
0.174,0.5841758,0.75105155
0.174,0.57819355,0.81430954
0.454,0.58616996,0.47187263
0.444,0.5761994,0.803554
0.444,0.56822306,0.6967864
0.483,0.57819355,0.20235607
0.483,0.57819355,0.30225497
0.213,0.57221127,0.5223551
0.763,0.57819355,0.6034582
0.483,0.57420534,0.41002685
0.535,0.57819355,0.45152068
0.174,0.57221127,0.5399634
0.535,0.57819355,0.43011612
0.763,0.58616996,0.79871076
0.545,0.57420534,0.5326859
0.545,0.57819355,0.28575456
0.496,0.58218175,0.5594613
0.496,0.57221127,0.17545436
0.493,0.58616996,0.55045104
0.545,0.57819355,0.23046598
0.724,0.57819355,0.7968777
0.213,0.57819355,0.5904012
0.776,0.57420534,0.23939066
0.496,0.57819355,0.7884861
0.815,0.5801877,0.5292654
0.724,0.5761994,0.4391898
0.776,0.56822306,0.5109972
0.763,0.57420534,0.46376806
0.265,0.57221127,0.7280014
0.815,0.57819355,0.4311919
0.265,0.5801877,0.22670478
0.763,0.57819355,0.55623454
0.174,0.5801877,0.5613247
0.496,0.56822306,0.5266123
0.483,0.57819355,0.6632198
0.763,0.57819355,0.48893857
0.265,0.5761995,0.26098812
0.444,0.5761994,0.47446278
0.213,0.5761994,0.6644473
0.493,0.58218175,0.2555871
0.444,0.58218175,0.71404105
0.763,0.59215224,0.13990177
0.174,0.57221127,0.51528764
0.483,0.57221127,0.26428664
0.506,0.58816403,0.46958274
0.483,0.5841758,0.4765637
0.483,0.57819355,0.49761742
0.226,0.5761994,0.33488172
0.815,0.56423485,0.2838496
0.226,0.5761994,0.34541863
0.776,0.56822306,0.5453353
0.444,0.57021713,0.6768247
0.454,0.57819355,0.49052736
0.226,0.5801877,0.49107876
0.454,0.57819355,0.2501769
0.444,0.57420534,0.38105404
0.444,0.57819355,0.45637068
0.815,0.5801877,0.7377636
0.815,0.5801877,0.4067511
0.815,0.5841758,0.5082152
0.763,0.57819355,0.22313197
0.724,0.57221127,0.31216073
0.265,0.57819355,0.56330085
0.226,0.5801877,0.52886754
0.496,0.57221127,0.74244636
0.483,0.5801877,0.26897544
0.724,0.5761994,0.41138312
0.815,0.58616996,0.7049288
0.265,0.56822306,0.47099346
0.776,0.57221127,0.5359358
0.506,0.57420534,0.23628093
0.535,0.5801877,0.4495371
0.454,0.5801877,0.48578244
0.454,0.57819355,0.8201337
0.545,0.5801877,0.4902209
0.265,0.5841758,0.51449555
0.776,0.5841758,0.4172874
0.226,0.5801877,0.8362098
0.724,0.5801876,0.5535004
0.506,0.57819355,0.61354214
0.763,0.5801877,0.81461793
0.454,0.5841758,0.17758043
0.496,0.57420534,0.4342935
0.226,0.5901581,0.5397369
0.226,0.56423485,0.24652244
0.506,0.5761994,0.40743494
0.776,0.57420534,0.45558953
0.535,0.5761994,0.47264892
0.444,0.58816403,0.17987968
0.496,0.5761994,0.72599983
0.496,0.5761994,0.5109679
0.226,0.5761995,0.42832965
0.454,0.57420534,0.47331384
0.226,0.57420534,0.52259076
0.815,0.5761994,0.4174825
0.483,0.57819355,0.2728396
0.535,0.57819355,0.4972574
0.226,0.57420534,0.73363924
0.763,0.5761994,0.4883153
0.506,0.58816403,0.54539657
0.776,0.5761995,0.43668646
0.483,0.58218175,0.9066988
0.213,0.57819355,0.27137262
0.506,0.5761994,0.48308867
0.496,0.5801877,0.5011331
0.545,0.57819355,0.5187952
0.763,0.5841758,0.42759484
0.506,0.58218175,0.7845727
0.724,0.58616996,0.5195135
0.174,0.57021713,0.21780084
0.535,0.5801877,0.54324526
0.776,0.57819355,0.5454251
0.545,0.5801877,0.47313964
0.213,0.58816403,0.41344035
0.454,0.58616996,0.20391975
0.493,0.58816403,0.8177654
0.444,0.58218175,0.18555981
0.174,0.57819355,0.23130654
0.213,0.57819355,0.743657
0.226,0.5761995,0.5097631
0.174,0.57420534,0.73857826
0.545,0.58218175,0.7457785
0.226,0.57819355,0.5491569
0.506,0.57819355,0.47491312
0.763,0.5761995,0.78980845
0.776,0.5801877,0.5616073
0.724,0.5841758,0.488145
0.724,0.5801877,0.18533765
0.493,0.57819355,0.49551857
0.815,0.5841758,0.5355103
0.506,0.5801877,0.21667732
0.226,0.58616996,0.22172026
0.454,0.58218175,0.49960274
0.226,0.57819355,0.77045393
0.724,0.56822306,0.2759065
0.815,0.57420534,0.7243184
0.213,0.57819355,0.81270164
0.226,0.57819355,0.7185517
0.493,0.58616996,0.26050577
0.724,0.5801877,0.48992932
0.776,0.5761994,0.58446467
0.483,0.58218175,0.5207884
0.776,0.58816403,0.23802042
0.174,0.58218175,0.45144624
0.226,0.57420534,0.853637
0.213,0.5761994,0.5398147
0.535,0.5841758,0.25098175
0.545,0.59215224,0.4349006
0.724,0.57819355,0.8189246
0.535,0.57819355,0.23462728
0.493,0.58218175,0.8553293
0.213,0.58218175,0.35512102
0.535,0.57021713,0.2592506
0.506,0.57420534,0.49642718
0.454,0.5841758,0.54804933
0.493,0.5841758,0.47895184
0.174,0.58218175,0.88854367
0.454,0.5801877,0.4252243
0.174,0.58218175,0.8512876
0.724,0.5901581,0.5091975
0.226,0.57420534,0.49801904
0.444,0.5761995,0.45384812
0.265,0.58218175,0.73547024
0.483,0.5801877,0.45321226
0.724,0.5801877,0.4885197
0.174,0.5761994,0.47597706
0.493,0.58218175,0.52170676
0.496,0.56822306,0.43481535
0.506,0.58616996,0.7386434
0.496,0.5841758,0.25159872
0.493,0.58616996,0.20541337
0.815,0.58616996,0.6998001
0.496,0.57420534,0.48238093
0.724,0.5841758,0.44353467
0.483,0.5801877,0.4960342
0.493,0.58218175,0.22594456
0.776,0.5801877,0.51830226
0.763,0.57221127,0.20193024
0.483,0.58218175,0.4557808
0.493,0.58218175,0.7388912
0.496,0.57420534,0.46113008
0.545,0.58816403,0.4885349
0.265,0.5761995,0.7461294
0.213,0.5801877,0.5080023
0.496,0.57221127,0.20546636
0.493,0.5761995,0.55758965
0.174,0.5841758,0.6794134
0.493,0.57819355,0.259286
0.213,0.57819355,0.20420086
0.174,0.5841758,0.8989255
0.776,0.5761994,0.54649115
0.454,0.57819355,0.47824872
0.213,0.58218175,0.32222185
0.444,0.57420534,0.7913303
0.545,0.5801877,0.2868977
0.776,0.56822306,0.55027884
0.226,0.57819355,0.729793
0.724,0.57420534,0.6762847
0.213,0.57021713,0.45416814
0.444,0.57420534,0.7542081
0.496,0.56822306,0.19220333
0.444,0.56822306,0.7110144
0.545,0.5761995,0.7518766
0.535,0.5841758,0.47885203
0.483,0.57420534,0.6874032
0.496,0.5801877,0.5148613
0.454,0.57819355,0.47924817
0.454,0.57221127,0.7421551
0.483,0.57021713,0.47998333
0.454,0.5801877,0.55538005
0.763,0.58816403,0.86192936
0.174,0.58816403,0.24771498
0.763,0.5801877,0.45392394
0.454,0.5841758,0.26955956
0.265,0.5801877,0.4378435
0.493,0.57819355,0.49409008
0.776,0.5801877,0.3940578
0.174,0.57021713,0.23337176
0.483,0.5801877,0.53796047
0.763,0.5801877,0.7645239
0.535,0.57819355,0.4896329
0.763,0.5801877,0.8614711
0.506,0.5841758,0.513474
0.493,0.58616996,0.52787733
0.535,0.57420534,0.56385696
0.545,0.57420534,0.49662805
0.493,0.58616996,0.8630102
0.444,0.57221127,0.46309543
0.815,0.57819355,0.506364
0.776,0.5662289,0.40968585
0.265,0.5801877,0.19309562
0.535,0.57221127,0.70218265
0.265,0.57420534,0.8063062
0.483,0.57819355,0.79769593
0.265,0.5801877,0.5055805
0.724,0.56822306,0.7864955
0.506,0.5841758,0.19247599
0.483,0.5841758,0.778485
0.454,0.5801877,0.76351005
0.483,0.57420534,0.22482672
0.506,0.57819355,0.7052397
0.763,0.5761994,0.8568837
0.763,0.58816403,0.26768947
0.226,0.56822306,0.5630857
0.776,0.57021713,0.5653225
0.776,0.57221127,0.51603246
0.226,0.58616996,0.75837547
0.265,0.58616996,0.48170066
0.506,0.57420534,0.87807405
0.493,0.57819355,0.7126339
0.506,0.5801877,0.2023407
0.174,0.5801877,0.73506904
0.506,0.57420534,0.24485849
0.815,0.5761995,0.46913832
0.483,0.57021713,0.45885563
0.535,0.56822306,0.23727532
0.493,0.5801877,0.45642316
0.815,0.57819355,0.5491108
0.545,0.57221127,0.48599577
0.815,0.57420534,0.26152158
0.776,0.58218175,0.17496212
0.763,0.58218175,0.41111195
0.776,0.57221127,0.7348788
0.496,0.57420534,0.41649663
0.226,0.57420534,0.19746098
0.226,0.57221127,0.48231876
0.174,0.5761994,0.21837462
0.815,0.5761995,0.44068876
0.444,0.57221127,0.27910256
0.496,0.5801877,0.22082406
0.174,0.57819355,0.2180859
0.496,0.57221127,0.2930717
0.213,0.58218175,0.5210748
0.776,0.57819355,0.6972229
0.454,0.5801877,0.7504941
0.454,0.57420534,0.48737606
0.496,0.58816403,0.24336651
0.213,0.5841758,0.5375495
0.493,0.5841758,0.5012127
0.174,0.57819355,0.50824964
0.776,0.5761994,0.18344551
0.213,0.57819355,0.49681503
0.496,0.57420534,0.51336306
0.815,0.5801877,0.15065557
0.776,0.57819355,0.505183
0.174,0.57420534,0.7889628
0.724,0.57420534,0.6522152
0.454,0.5801877,0.8214266
0.493,0.5761995,0.4632072
0.265,0.57420534,0.18194452
0.174,0.56822306,0.4547307
0.496,0.57021713,0.5695433
0.213,0.58616996,0.1773453
0.454,0.58218175,0.5363275
0.493,0.5841758,0.22991356
0.776,0.5801877,0.51323825
0.724,0.57420534,0.38168344
0.483,0.57819355,0.77037346
0.213,0.58218175,0.295179
0.763,0.5841758,0.17564787
0.493,0.58616996,0.16181159
0.776,0.57819355,0.4546355
0.213,0.57420534,0.2516626
0.454,0.5761995,0.4515592
0.506,0.5841758,0.53458846
0.776,0.57221127,0.575704
0.815,0.5801877,0.56296533
0.454,0.5841758,0.22934236
0.535,0.57221127,0.8125978
0.493,0.58616996,0.25957632
0.226,0.57819355,0.42998797
0.213,0.5801877,0.4426142
0.174,0.58816403,0.23029369
0.506,0.58218175,0.8212004
0.493,0.5761994,0.7227682
0.496,0.57021713,0.4596821
0.226,0.58218175,0.51141495
0.724,0.5841758,0.6809496
0.763,0.58616996,0.4331926
0.226,0.5622407,0.554653
0.776,0.57221127,0.5160113
0.545,0.5841758,0.68739927
0.535,0.5761994,0.16471975
0.444,0.566229,0.45533696
0.454,0.5801877,0.7765267
0.226,0.57420534,0.2490909
0.226,0.5801877,0.48355305
0.265,0.5841758,0.43486023
0.493,0.57420534,0.50655955
0.174,0.58616996,0.7921959
0.444,0.58218175,0.26314104
0.483,0.57221127,0.5104129
0.776,0.57021713,0.2510937
0.483,0.57420534,0.540014
0.444,0.58218175,0.76581496
0.226,0.5801877,0.22564371
0.213,0.58218175,0.72520703
0.174,0.58616996,0.26820242
0.535,0.5801877,0.2058872
0.724,0.58218175,0.22418149
0.776,0.5761995,0.8277573
0.724,0.5841758,0.76198715
0.545,0.5901581,0.5191019
0.213,0.5801877,0.4249807
0.444,0.57420534,0.42200202
0.174,0.5761994,0.20658617
0.226,0.5801877,0.20066862
0.174,0.58218175,0.24402466
0.496,0.57819355,0.74672365
0.265,0.5801877,0.7610001
0.213,0.5761995,0.45202476
0.535,0.57021713,0.28082412
0.535,0.5801877,0.42121878
0.506,0.5841758,0.23112258
0.265,0.58616996,0.23064329
0.493,0.5841758,0.5001123
0.815,0.57819355,0.76181096
0.454,0.57819355,0.5426542
0.763,0.5801877,0.7619736
0.724,0.58816403,0.47034764
0.545,0.57420534,0.7609451
0.724,0.57420534,0.29300857
0.213,0.57420534,0.2061082
0.483,0.5801877,0.46045667
0.226,0.5801877,0.23106831
0.444,0.57819355,0.20499504
0.815,0.5761995,0.5446188
0.493,0.5901581,0.18526328
0.444,0.57021713,0.23280683
0.776,0.57021713,0.55537707
0.483,0.57819355,0.49940002
0.763,0.58218175,0.51533556
0.483,0.59215224,0.52129614
0.483,0.57819355,0.15708315
0.265,0.57221127,0.29515854
0.444,0.5761995,0.24372701
0.226,0.5841758,0.16904603
0.776,0.57420534,0.26083094
0.213,0.57819355,0.47975504
0.493,0.5662289,0.77680063
0.724,0.5801877,0.5208474
0.724,0.57819355,0.5537119
0.763,0.5801877,0.5709569
0.454,0.58218175,0.7654491
0.483,0.5801877,0.4870736
0.545,0.5841758,0.5331232
0.506,0.56822306,0.7541579
0.265,0.56423485,0.7944669
0.763,0.57819355,0.43728578
0.454,0.58616996,0.80496067
0.506,0.58218175,0.8568899
0.493,0.58218175,0.48406523
0.444,0.5761994,0.46653336
0.454,0.58616996,0.47779608
0.174,0.58616996,0.42400888
0.815,0.58616996,0.7916432
0.776,0.57221127,0.15101074
0.265,0.58816403,0.5314337
0.226,0.5761995,0.7942466
0.265,0.5801877,0.50395316
0.506,0.58816403,0.22316873
0.174,0.5801877,0.7721359
0.763,0.58218175,0.6013224
0.174,0.5841758,0.7702654
0.496,0.57819355,0.55447835
0.763,0.5801877,0.44985306
0.535,0.5801877,0.41456205
0.763,0.56822306,0.17836289
0.444,0.5761994,0.55859035
0.174,0.5801877,0.20427111
0.545,0.5761995,0.69915015
0.815,0.5801877,0.49291027
0.493,0.58218175,0.76744777
0.776,0.5761995,0.2885478
0.763,0.58218175,0.49299526
0.213,0.57819355,0.45216012
0.454,0.58816403,0.49872082
0.506,0.5761995,0.5457984
0.213,0.5801877,0.26314646
0.444,0.5761994,0.70488715
0.454,0.58218175,0.72475463
0.265,0.5761995,0.49805534
0.174,0.57221127,0.46841276
0.493,0.5841758,0.47424352
0.454,0.57420534,0.30580008
0.506,0.57420534,0.49532467
0.724,0.5761995,0.4516347
0.545,0.5761994,0.51128125
0.545,0.5761995,0.28265095
0.493,0.58218175,0.21673858
0.535,0.566229,0.5393294
0.226,0.5761995,0.50903434
0.763,0.58616996,0.48956853
0.545,0.58218175,0.42800957
0.724,0.58218175,0.29978263
0.763,0.5841758,0.7539556
0.226,0.57420534,0.22115965
0.535,0.57819355,0.4327485
0.454,0.58218175,0.5433852
0.535,0.57221127,0.21353966
0.454,0.5801877,0.5070112
0.265,0.57819355,0.40980136
0.545,0.57819355,0.3634031
0.763,0.57819355,0.46012795
0.545,0.5801877,0.47457036
0.496,0.5662289,0.42122865
0.265,0.57819355,0.49217016
0.454,0.5761994,0.7938388
0.545,0.57819355,0.20502971
0.545,0.5801877,0.50219846
0.496,0.57819355,0.5022208
0.174,0.58816403,0.8132231
0.265,0.5761995,0.7545192
0.535,0.57420534,0.4394797
0.724,0.57819355,0.4558224
0.444,0.57221127,0.75711817
0.483,0.57819355,0.7536402
0.545,0.5801877,0.4882037
0.545,0.57819355,0.38693982
0.724,0.5801877,0.45429504
0.545,0.5801877,0.64895093
0.454,0.5801877,0.5296895
0.226,0.5761995,0.49771738
0.265,0.58616996,0.5449618
0.535,0.57819355,0.7068103
0.213,0.57819355,0.48381692
0.776,0.5761994,0.2544294
0.174,0.57819355,0.4662898
0.213,0.5801877,0.25868165
0.763,0.58218175,0.24012308
0.483,0.5841758,0.4982854
0.454,0.58218175,0.67340386
0.545,0.5841758,0.5082708
0.226,0.57420534,0.51852775
0.454,0.5761994,0.55736434
0.496,0.57221127,0.48051912
0.815,0.5841758,0.55728674
0.265,0.57021713,0.48982537
0.496,0.5761994,0.760621
0.454,0.5761994,0.49427742
0.545,0.58218175,0.503855
0.776,0.5761994,0.52601385
0.763,0.58616996,0.5046248
0.776,0.5801877,0.5124625
0.265,0.5761995,0.50318533
0.265,0.57819355,0.16702831
0.545,0.58816403,0.23306453
0.763,0.5761994,0.2404813
0.265,0.57819355,0.80648714
0.444,0.5801877,0.7361084
0.226,0.5761995,0.44691277
0.724,0.57420534,0.7801887
0.454,0.58616996,0.7304312
0.815,0.5901581,0.5115979
0.454,0.57221127,0.33655792
0.213,0.59215224,0.50089586
0.545,0.57819355,0.7237898
0.226,0.57021713,0.65924984
0.265,0.5761995,0.3342533
0.265,0.5761995,0.68506086
0.545,0.57819355,0.47959203
0.174,0.5761994,0.5135442
0.213,0.5841758,0.40263808
0.444,0.57819355,0.7602486
0.213,0.57819355,0.7802385
0.535,0.5801877,0.47687376
0.496,0.56822306,0.4867806
0.265,0.58218175,0.18194519
0.444,0.5761994,0.2616061
0.496,0.57221127,0.22694756
0.265,0.5801877,0.43976527
0.724,0.5801877,0.23081319
0.776,0.57420534,0.44469213
0.506,0.5801877,0.83602613
0.265,0.57819355,0.7715039
0.535,0.58218175,0.43671978
0.545,0.58218175,0.7186275
0.454,0.57420534,0.5217046
0.226,0.5801877,0.16762632
0.265,0.57021713,0.4751891
0.496,0.57221127,0.14130194
0.815,0.57420534,0.51951385
0.444,0.57021713,0.25671697
0.535,0.57420534,0.16594575
0.776,0.57221127,0.5127325
0.213,0.58218175,0.77913654
0.545,0.5801876,0.7811027
0.776,0.58218175,0.69492024
0.496,0.57221127,0.2525975
0.226,0.57819355,0.51344323
0.226,0.57021713,0.22445962
0.454,0.58616996,0.27954584
0.763,0.58218175,0.19878627
0.483,0.57021713,0.52476555
0.213,0.58218175,0.44645512
0.535,0.57420534,0.5384315
0.496,0.57420534,0.45555854
0.815,0.5761995,0.39224946
0.454,0.5761994,0.18807085
0.454,0.58616996,0.5426992
0.213,0.5761995,0.27201682
0.226,0.5761995,0.7321768
0.724,0.57221127,0.7670116
0.496,0.57819355,0.73471934
0.506,0.57420534,0.8498551
0.483,0.57420534,0.15462105
0.815,0.58218175,0.53447837
0.724,0.5841758,0.68755454
0.724,0.58616996,0.26818603
0.444,0.56822306,0.8037893
0.444,0.566229,0.16792156
0.493,0.5801877,0.56147194
0.506,0.5841758,0.21561424
0.763,0.5801877,0.18019564
0.506,0.58218175,0.5596208
0.493,0.5901581,0.5571165
0.454,0.5801877,0.54414445
0.506,0.57819355,0.4457618
0.763,0.5761994,0.22131798
0.496,0.56822306,0.2776162
0.454,0.5761994,0.3653135
0.493,0.5801877,0.66396976
0.493,0.5801877,0.7901525
0.535,0.57221127,0.44911298
0.454,0.58218175,0.4473834
0.454,0.5801877,0.43895942
0.226,0.57819355,0.8539081
0.763,0.5801877,0.56566864
0.776,0.56822306,0.45058936
0.763,0.58218175,0.485146
0.444,0.57420534,0.45469576
0.174,0.58218175,0.72015256
0.444,0.5801877,0.5085949
0.535,0.57420534,0.49519074
0.724,0.5761994,0.46122867
0.815,0.57221127,0.7593114
0.483,0.5761994,0.42004505
0.545,0.566229,0.52511257
0.545,0.58616996,0.541511
0.776,0.5841758,0.4785307
0.226,0.57221127,0.23193277
0.444,0.57819355,0.7469555
0.506,0.57420534,0.48020375
0.496,0.57021713,0.8333817
0.265,0.58616996,0.45993054
0.815,0.58616996,0.53308433
0.226,0.57420534,0.7417379
0.506,0.57819355,0.7790835
0.226,0.57819355,0.8653019
0.545,0.58816403,0.42171335
0.483,0.5801876,0.51565814
0.226,0.5801877,0.33194992
0.776,0.57819355,0.52761436
0.724,0.58218175,0.45690686
0.265,0.57221127,0.49119303
0.535,0.5841758,0.5089588
0.226,0.57819355,0.78533393
0.213,0.58616996,0.47920978
0.506,0.57021713,0.7758718
0.174,0.57420534,0.445613
0.724,0.58816403,0.4344232
0.535,0.57819355,0.8459841
0.493,0.5841758,0.49739873
0.535,0.5662289,0.54603696
0.496,0.5761994,0.2283552
0.815,0.57819355,0.42497092
0.545,0.5801877,0.5645594
0.483,0.5622407,0.21734361
0.174,0.58218175,0.79092765
0.545,0.58218175,0.54022413
0.496,0.5761994,0.8488696
0.815,0.57221127,0.50407183
0.545,0.5901581,0.6822099
0.454,0.58218175,0.5121505
0.776,0.57221127,0.41723004
0.545,0.5801877,0.75783044
0.444,0.56024665,0.5255477
0.483,0.5801877,0.1703837
0.483,0.57819355,0.4565626
0.776,0.5801877,0.5350244
0.776,0.57819355,0.52354217
0.506,0.57819355,0.5553558
0.776,0.5801877,0.46442747
0.226,0.57221127,0.49468058
0.226,0.5801876,0.5168161
0.493,0.5761995,0.8347984
0.506,0.57819355,0.25732982
0.265,0.57021713,0.25910658
0.493,0.5761994,0.21838434
0.174,0.5801877,0.49809206
0.444,0.58218175,0.41421083
0.724,0.57221127,0.77873236
0.174,0.5801877,0.50506383
0.763,0.5761994,0.72231555
0.265,0.58616996,0.23516674
0.213,0.5761995,0.41154787
0.454,0.57819355,0.23841675
0.174,0.5761995,0.75925785
0.535,0.566229,0.26155168
0.444,0.5662289,0.32614106
0.226,0.57221127,0.4221986
0.724,0.5841758,0.79679173
0.444,0.5841758,0.5026974
0.226,0.58616996,0.8467903
0.226,0.5801877,0.40448827
0.815,0.58218175,0.24967837
0.483,0.57221127,0.55492944
0.496,0.5841758,0.19044134
0.444,0.5761994,0.52324486
0.444,0.5662289,0.47002023
0.535,0.57021713,0.26373428
0.724,0.58218175,0.4334494
0.535,0.58218175,0.52327824
0.483,0.57221127,0.83075947
0.213,0.58218175,0.42750007
0.483,0.5801877,0.44048363
0.535,0.57221127,0.22561647
0.763,0.57819355,0.75583875
0.535,0.57021713,0.47836035
0.496,0.57819355,0.475972
0.493,0.58616996,0.5828034
0.545,0.57420534,0.7304729
0.213,0.5801877,0.51689494
0.265,0.58816403,0.49589014
0.776,0.5801877,0.45168832
0.535,0.566229,0.48340338
0.776,0.58218175,0.27651367
0.444,0.58218175,0.7244925
0.506,0.5761994,0.8864724
0.545,0.5841758,0.5466487
0.226,0.57819355,0.50115055
0.815,0.57021713,0.449386
0.496,0.5761994,0.4547364
0.454,0.58616996,0.58278555
0.454,0.57819355,0.5274252
0.483,0.57819355,0.21929155
0.815,0.58616996,0.771805
0.545,0.5761994,0.5298654
0.535,0.5841758,0.19443513
0.493,0.57221127,0.7460875
0.763,0.58218175,0.4433685
0.483,0.5801877,0.69729877
0.265,0.58218175,0.76264435
0.226,0.58816403,0.4605199
0.496,0.58218175,0.790528
0.724,0.58816403,0.19633597
0.265,0.58218175,0.54073596
0.815,0.5841758,0.17763658
0.265,0.57221127,0.24736127
0.496,0.57819355,0.50081307
0.496,0.5662289,0.24490222
0.454,0.5801877,0.41771477
0.493,0.57819355,0.71185523
0.815,0.57420534,0.23080245
0.815,0.5801877,0.5041399
0.496,0.57021713,0.25518137
0.265,0.5801877,0.5341723
0.226,0.57420534,0.8139848
0.545,0.5801877,0.54136485
0.444,0.5801877,0.7620229
0.776,0.5801877,0.52166235
0.444,0.58218175,0.7277357
0.535,0.57221127,0.44343343
0.444,0.58218175,0.5176254
0.506,0.5761995,0.77348715
0.265,0.57420534,0.7536326
0.815,0.5761994,0.2446964
0.776,0.5841758,0.6835952
0.545,0.5801877,0.1925763
0.815,0.57819355,0.45188713
0.776,0.5761994,0.75916713
0.444,0.5801877,0.45469964
0.506,0.57021713,0.18112954
0.776,0.57819355,0.7700913
0.763,0.57021713,0.7287239
0.815,0.57819355,0.4956811
0.483,0.5801877,0.24810413
0.174,0.57221127,0.5045967
0.265,0.57420534,0.45867282
0.493,0.5841758,0.49627346
0.493,0.5761994,0.47995055
0.496,0.57021713,0.7267458
0.265,0.5761994,0.48274207
0.454,0.58616996,0.6642511
0.174,0.57221127,0.6912761
0.496,0.57420534,0.45796603
0.444,0.5761994,0.793973
0.265,0.57221127,0.7380609
0.444,0.57420534,0.25424486
0.815,0.5801877,0.7371382
0.776,0.57221127,0.5000571
0.174,0.58218175,0.51035804
0.724,0.5801877,0.23070171
0.493,0.58816403,0.80291086
0.535,0.58218175,0.18119432
0.815,0.57221127,0.27308512
0.226,0.57021713,0.454936
0.174,0.57021713,0.2161067
0.724,0.5761995,0.45675397
0.174,0.57221127,0.2020731
0.724,0.5761994,0.5111185
0.535,0.57819355,0.46089023
0.535,0.5801877,0.20870887
0.444,0.5761994,0.8158531
0.174,0.5761994,0.7788683
0.454,0.5841758,0.22574846
0.535,0.57420534,0.7838618
0.174,0.58218175,0.29089153
0.454,0.5801877,0.7379828
0.506,0.57021713,0.49378812
0.535,0.58218175,0.5191703
0.815,0.58218175,0.17509653
0.535,0.57819355,0.5042068
0.496,0.57420534,0.5416336
0.226,0.5801877,0.5201219
0.454,0.59614044,0.28200415
0.483,0.58218175,0.4961471
0.776,0.58616996,0.16824327
0.213,0.57819355,0.5101781
0.265,0.57420534,0.50838643
0.776,0.57819355,0.53996795
0.265,0.5801877,0.24151847
0.213,0.58816403,0.24425545
0.763,0.57221127,0.42698824
0.174,0.5801877,0.7983383
0.535,0.58218175,0.44378853
0.496,0.57221127,0.77080244
0.483,0.57819355,0.25187042
0.454,0.58218175,0.82273567
0.174,0.58616996,0.7434554
0.174,0.5801877,0.51453424
0.496,0.5761995,0.1905333
0.174,0.5761994,0.23068996
0.265,0.5761994,0.83624953
0.174,0.57819355,0.791295
0.174,0.57819355,0.20929997
0.174,0.5801877,0.43796864
0.506,0.57819355,0.47628492
0.763,0.57420534,0.29896963
0.496,0.56822306,0.79551136
0.545,0.58218175,0.72034436
0.174,0.5761994,0.7774228
0.535,0.5801877,0.6696309
0.496,0.57819355,0.5461328
0.815,0.57819355,0.30547595
0.506,0.58218175,0.48591852
0.213,0.5761995,0.24807484
0.213,0.57420534,0.26045084
0.724,0.5801877,0.1484058
0.444,0.58218175,0.25121963
0.763,0.5801877,0.2207279
0.483,0.58616996,0.6930823
0.724,0.5761994,0.437836
0.226,0.5841758,0.15096566
0.776,0.56822306,0.48768318
0.763,0.57819355,0.5035606
0.506,0.57420534,0.4735368
0.724,0.57819355,0.73528814
0.174,0.57221127,0.71985656
0.496,0.5801877,0.70609605
0.213,0.57819355,0.4475605
0.535,0.58218175,0.5977241
0.506,0.5801877,0.27467245
0.174,0.57420534,0.16771014
0.535,0.5662289,0.5407744
0.506,0.58218175,0.44400638
0.763,0.58816403,0.28985098
0.265,0.58816403,0.75880104
0.174,0.5761994,0.5304775
0.776,0.5801877,0.20166796
0.265,0.5761995,0.49487472
0.763,0.5761994,0.55767494
0.506,0.5801877,0.5007785
0.815,0.57819355,0.83680093
0.496,0.57221127,0.8159163
0.265,0.57021713,0.71361375
0.496,0.56423485,0.80966645
0.265,0.5662289,0.4461478
0.444,0.5801877,0.4626854
0.213,0.5801877,0.76636064
0.493,0.58616996,0.81928146
0.506,0.57420534,0.28447074
0.815,0.58218175,0.54080284
0.265,0.58218175,0.21777923
0.776,0.5761994,0.46880072
0.545,0.5761995,0.2840699
0.496,0.56822306,0.7498928
0.493,0.58218175,0.4433431
0.213,0.58218175,0.1780257
0.174,0.58218175,0.5293679
0.535,0.58218175,0.6498843
0.454,0.57819355,0.27178657
0.535,0.57819355,0.46084875
0.454,0.5841758,0.45715147
0.506,0.58218175,0.57228255
0.535,0.57021713,0.67205805
0.535,0.5761994,0.21832106
0.506,0.57819355,0.51630324
0.506,0.58816403,0.6907526
0.483,0.5761994,0.48729575
0.483,0.57021713,0.80948186
0.444,0.58218175,0.5556375
0.535,0.57420534,0.49807525
0.213,0.59215224,0.4524008
0.483,0.57420534,0.4615379
0.493,0.5901581,0.8395522
0.454,0.58218175,0.5376719
0.483,0.5761994,0.50147504
0.815,0.57420534,0.49345696
0.174,0.58616996,0.49679112
0.724,0.57221127,0.28646222
0.454,0.57819355,0.49139845
0.493,0.58616996,0.30142558
0.483,0.57819355,0.2303941
0.174,0.5761994,0.1650521
0.226,0.57819355,0.45272392
0.776,0.57420534,0.8303176
0.174,0.57420534,0.776336
0.724,0.57420534,0.21047403
0.493,0.59614044,0.80663407
0.815,0.5801877,0.20552248
0.545,0.5761995,0.45675337
0.724,0.57221127,0.50671023
0.454,0.58816403,0.73347867
0.506,0.57420534,0.4852603
0.483,0.5841758,0.20170996
0.724,0.57819355,0.46301788
0.483,0.57221127,0.43949348
0.483,0.57221127,0.44429636
0.493,0.5801877,0.20118535
0.454,0.58616996,0.55500644
0.506,0.5801877,0.41341507
0.496,0.57819355,0.45748615
0.535,0.57221127,0.45909324
0.444,0.5801877,0.20622762
0.776,0.56822306,0.30109316
0.174,0.57819355,0.29120547
0.444,0.57819355,0.49140403
0.265,0.5841758,0.7730717
0.535,0.57420534,0.547349
0.483,0.5841758,0.49291676
0.444,0.5761994,0.39645588
0.265,0.5761995,0.47971857
0.226,0.57221127,0.51054114
0.815,0.57420534,0.50187576
0.776,0.5761994,0.7412667
0.545,0.57819355,0.119593546
0.815,0.5761994,0.20986414
0.226,0.57420534,0.7522671
0.506,0.5761995,0.8111853
0.226,0.57221127,0.80631185
0.444,0.57420534,0.8651628
0.174,0.57819355,0.443402
0.226,0.57021713,0.48743194
0.265,0.5841758,0.19424777
0.763,0.58218175,0.24389634
0.496,0.5761995,0.45811227
0.493,0.57819355,0.4987427
0.265,0.5841758,0.5047235
0.454,0.57221127,0.51354134
0.815,0.58218175,0.4402305
0.763,0.57819355,0.7489962
0.493,0.5841758,0.47814745
0.496,0.5801877,0.76958215
0.226,0.57819355,0.18223368
0.483,0.57221127,0.53676623
0.496,0.57221127,0.5669355
0.776,0.5801877,0.43993795
0.763,0.58218175,0.78867966
0.174,0.57420534,0.53304726
0.454,0.57819355,0.4823366
0.444,0.5801877,0.78062105
0.454,0.58616996,0.43143213
0.776,0.57420534,0.22697636
0.763,0.57819355,0.26121795
0.265,0.57221127,0.80850095
0.815,0.5801877,0.23991366
0.496,0.58218175,0.17951906
0.226,0.57221127,0.8175805
0.444,0.57221127,0.83603346
0.506,0.58816403,0.6886211
0.226,0.5761995,0.08700766
0.444,0.58218175,0.49938476
0.724,0.5841758,0.47168767
0.226,0.5761995,0.76592875
0.496,0.57420534,0.4158947
0.454,0.57819355,0.4236173
0.724,0.57420534,0.47596222
0.506,0.5801877,0.48844528
0.265,0.5801877,0.86091876
0.174,0.5761995,0.45787042
0.265,0.5841758,0.54432046
0.496,0.56423485,0.7999679
0.265,0.5801877,0.72810286
0.763,0.57221127,0.18602808
0.776,0.57420534,0.29302692
0.483,0.5801877,0.4308282
0.545,0.58218175,0.32959595
0.265,0.58218175,0.54067826
0.496,0.57221127,0.50829214
0.444,0.58218175,0.4386578
0.483,0.57021713,0.44238144
0.776,0.5841758,0.19128136
0.454,0.5801877,0.5746147
0.265,0.57819355,0.42256027
0.454,0.5901581,0.14644928
0.213,0.57819355,0.6410364
0.493,0.5901581,0.74524194
0.213,0.58218175,0.2490765
0.226,0.5841758,0.504478
0.174,0.57221127,0.85682476
0.545,0.58218175,0.55466986
0.493,0.5841758,0.545324
0.454,0.58616996,0.6825317
0.763,0.58218175,0.5610816
0.174,0.5801877,0.22175811
0.213,0.58616996,0.49422622
0.174,0.57819355,0.48041487
0.496,0.57420534,0.23008014
0.545,0.57221127,0.58403915
0.213,0.57420534,0.4689979
0.483,0.57221127,0.75077164
0.493,0.5841758,0.52240515
0.496,0.5801877,0.5202554
0.444,0.57221127,0.24565478
0.763,0.57819355,0.7787396
0.213,0.57819355,0.290587
0.724,0.5662289,0.24208263
0.496,0.57420534,0.47166747
0.174,0.57819355,0.6046391
0.724,0.57819355,0.52552956
0.496,0.57221127,0.28694135
0.815,0.58616996,0.22559859
0.174,0.5801877,0.53944826
0.213,0.57221127,0.73190105
0.724,0.58218175,0.49099624
0.454,0.5801877,0.5063878
0.454,0.5941463,0.2656744
0.545,0.57819355,0.45092136
0.444,0.5801877,0.48627418
0.265,0.57221127,0.31729048
0.545,0.58616996,0.2719347
0.226,0.57420534,0.7435953
0.174,0.5841758,0.6784356
0.535,0.58218175,0.79668206
0.535,0.56822306,0.29460657
0.496,0.57420534,0.4145502
0.535,0.58218175,0.22798759
0.815,0.57021713,0.20734483
0.174,0.57420534,0.85047287
0.493,0.57819355,0.5437704
0.506,0.58218175,0.21663909
0.545,0.58616996,0.23221128
0.506,0.57819355,0.45573092
0.763,0.5801877,0.18341358
0.506,0.58616996,0.46204802
0.724,0.5801877,0.29078704
0.213,0.57819355,0.7198422
0.444,0.57420534,0.81621855
0.506,0.5761995,0.24638303
0.724,0.5761994,0.17323376
0.535,0.5761994,0.797948
0.506,0.58218175,0.7816883
0.483,0.5801877,0.2573049
0.815,0.5761994,0.49423087
0.265,0.57420534,0.42137104
0.174,0.5841758,0.53834516
0.174,0.57021713,0.44970256
0.265,0.57819355,0.17627087
0.535,0.57021713,0.5041947
0.506,0.5801877,0.19504455
0.535,0.5801877,0.5382963
0.265,0.5761995,0.51676476
0.444,0.57420534,0.45015574
0.454,0.58816403,0.51948285
0.174,0.58218175,0.4794041
0.496,0.56822306,0.5149583
0.535,0.57021713,0.82242286
0.454,0.5801877,0.4661398
0.483,0.58616996,0.1570426
0.483,0.58816403,0.25624254
0.496,0.5761995,0.16491207
0.226,0.5801877,0.4584906
0.483,0.58218175,0.5510156
0.815,0.57819355,0.22943173
0.174,0.5841758,0.545827
0.454,0.5841758,0.49618804
0.545,0.5761995,0.5611938
0.776,0.5761994,0.7847596
0.493,0.56822306,0.1764168
0.226,0.57021713,0.74086404
0.226,0.57420534,0.26868004
0.815,0.57819355,0.44135177
0.506,0.566229,0.50105643
0.483,0.5841758,0.45156473
0.444,0.57420534,0.22631408
0.265,0.5801877,0.8315136
0.174,0.5761994,0.56934947
0.763,0.5841758,0.47701508
0.496,0.5841758,0.7787733
0.174,0.58218175,0.76343524
0.213,0.5801877,0.24236943
0.506,0.5761994,0.4436487
0.545,0.57819355,0.20353566
0.545,0.57819355,0.45450154
0.213,0.57819355,0.539329
0.493,0.5841758,0.5330971
0.545,0.58816403,0.7971443
0.724,0.56822306,0.81473243
0.174,0.5761994,0.22011657
0.763,0.58616996,0.39989793
0.174,0.58616996,0.77304083
0.213,0.5841758,0.4794762
0.535,0.57221127,0.55925936
0.454,0.58218175,0.4689467
0.483,0.58218175,0.266423
0.496,0.57819355,0.7985389
0.444,0.57221127,0.32039297
0.444,0.56822306,0.4914189
0.265,0.5801877,0.41999936
0.483,0.58616996,0.41187698
0.763,0.58218175,0.4984107
0.483,0.57819355,0.7123375
0.226,0.5761995,0.1583734
0.493,0.57819355,0.5094041
0.496,0.57221127,0.4694705
0.776,0.57420534,0.5169871
0.506,0.58816403,0.4953612
0.483,0.5801876,0.51153904
0.226,0.5761994,0.209288
0.213,0.57819355,0.73507714
0.763,0.5761994,0.542599
0.545,0.57420534,0.21461982
0.454,0.57819355,0.587553
0.226,0.57021713,0.33255303
0.213,0.57819355,0.21974897
0.763,0.58218175,0.21571437
0.506,0.57221127,0.46866953
0.213,0.5841758,0.42595202
0.545,0.58218175,0.49621546
0.226,0.58218175,0.13879935
0.174,0.57819355,0.18373375
0.483,0.57420534,0.54408836
0.724,0.5801877,0.16338144
0.545,0.5761995,0.4640571
0.213,0.5801877,0.53556174
0.493,0.58816403,0.81275827
0.763,0.58218175,0.4135152
0.265,0.58218175,0.76818234
0.265,0.57819355,0.43984535
0.226,0.5761995,0.26881796
0.535,0.5801877,0.57141966
0.545,0.5761995,0.47325665
0.174,0.57021713,0.47269616
0.763,0.58218175,0.1527965
0.226,0.5801877,0.25004545
0.493,0.57819355,0.45892066
0.444,0.5841758,0.82931584
0.506,0.5801877,0.5084926
0.444,0.5801877,0.2589837
0.444,0.57819355,0.26033115
0.506,0.57420534,0.76353335
0.265,0.57021713,0.45010048
0.496,0.57420534,0.6638097
0.496,0.58218175,0.21061677
0.496,0.58218175,0.33457848
0.454,0.58616996,0.6901082
0.454,0.5801877,0.5291734
0.815,0.5801877,0.14800942
0.174,0.57420534,0.4874782
0.213,0.5761994,0.73286045
0.265,0.58616996,0.8479267
0.454,0.5801877,0.2037296
0.454,0.5841758,0.7410688
0.493,0.5761995,0.26020616
0.535,0.57420534,0.5259214
0.444,0.57819355,0.7949577
0.493,0.58616996,0.5046714
0.265,0.57420534,0.48496017
0.493,0.5761994,0.1614132
0.483,0.58218175,0.80964285
0.444,0.57221127,0.8452874
0.454,0.57420534,0.4501567
0.483,0.57221127,0.70829654
0.724,0.5761995,0.5205216
0.226,0.57819355,0.5264869
0.763,0.5801877,0.18247364
0.724,0.5761994,0.48775715
0.226,0.5662289,0.49245477
0.265,0.57819355,0.43300283
0.535,0.57420534,0.17135654
0.454,0.58218175,0.47709152
0.496,0.56822306,0.40922564
0.454,0.5841758,0.49779075
0.763,0.58616996,0.5085356
0.496,0.58218175,0.43353784
0.454,0.57420534,0.24307513
0.763,0.58218175,0.25793108
0.483,0.5841758,0.68658555
0.763,0.5841758,0.4682504
0.506,0.5801877,0.5234995
0.444,0.57221127,0.47104836
0.506,0.57819355,0.5289426
0.174,0.5841758,0.7348854
0.535,0.57420534,0.18950516
0.444,0.58218175,0.52320045
0.226,0.57221127,0.4866755
0.763,0.5801877,0.7157066
0.724,0.57420534,0.67384666
0.454,0.58218175,0.52299577
0.763,0.57819355,0.4341246
0.493,0.58616996,0.53743535
0.763,0.57819355,0.8131347
0.174,0.58816403,0.7120997
0.454,0.58218175,0.47427985
0.454,0.5841758,0.7238142
0.483,0.5761995,0.4609774
0.226,0.56423485,0.5615967
0.444,0.56822306,0.23396493
0.483,0.5801877,0.56927496
0.265,0.57021713,0.4723139
0.265,0.57819355,0.75515586
0.483,0.57420534,0.5019951
0.815,0.5761994,0.5055114
0.545,0.5801877,0.38993847
0.776,0.57221127,0.48802945
0.496,0.5761995,0.25669497
0.776,0.58816403,0.21386322
0.506,0.5801877,0.47825158
0.174,0.5801877,0.7552882
0.496,0.57021713,0.16464332
0.493,0.58816403,0.20187931
0.815,0.5761994,0.49278614
0.535,0.57420534,0.6796049
0.226,0.5801877,0.76088506
0.483,0.5761994,0.6888465
0.776,0.57819355,0.20127687
0.226,0.57819355,0.8203974
0.776,0.5801877,0.7816619
0.226,0.57420534,0.7965345
0.213,0.5801877,0.73577833
0.763,0.57221127,0.47381866
0.483,0.57819355,0.7130143
0.496,0.57420534,0.7026589
0.444,0.57021713,0.8083712
0.265,0.58218175,0.7390634
0.226,0.57221127,0.83163995
0.506,0.57819355,0.4826001
0.763,0.5801877,0.80251807
0.174,0.5841758,0.40248394
0.535,0.5801877,0.4032108
0.815,0.57420534,0.40571648
0.454,0.58616996,0.4910839
0.265,0.5801877,0.4352051
0.506,0.57021713,0.23591188
0.444,0.57221127,0.85025233
0.776,0.57420534,0.7752651
0.444,0.5761994,0.2871807
0.174,0.5761994,0.43989688
0.265,0.57021713,0.78593314
0.776,0.57021713,0.22097313
0.545,0.5761995,0.70243174
0.496,0.57420534,0.49965364
0.444,0.58218175,0.48592722
0.483,0.5841758,0.93095076
0.545,0.5841758,0.393403
0.535,0.5841758,0.49576378
0.496,0.57221127,0.8122186
0.763,0.57819355,0.22163771
0.444,0.5801877,0.40713388
0.545,0.57819355,0.43455297
0.724,0.57819355,0.2560907
0.724,0.5801877,0.46144152
0.815,0.5801876,0.4895767
0.226,0.57221127,0.17833492
0.776,0.57819355,0.7945
0.724,0.5761994,0.8356973
0.763,0.57819355,0.48929918
0.226,0.5841758,0.16002844
0.815,0.5841758,0.22274922
0.265,0.57420534,0.7280378
0.226,0.5761995,0.39129555
0.535,0.57021713,0.70996684
0.724,0.5901581,0.7719947
0.496,0.5801877,0.44086918
0.535,0.57021713,0.5052452
0.545,0.58218175,0.23544802
0.506,0.5801877,0.797517
0.265,0.57420534,0.46567583
0.493,0.5841758,0.45109975
0.483,0.56822306,0.42041153
