8,10,14,15,4*10,8*9,9*10,9*19,9*20,10*14,10*20,13*14,8*9*14,9*10*19,9*10*20,9*15*19,10*14*20,Actual Energy,energy-only two way,energy-three way,three way-actual,two way-actual
1,1,1,1,0,0,0,0,0,1,0,1,0,0,0,0,0,0.454,0.458,0.458,0.004,0.004
1,0,0,0,0,1,0,0,0,0,0,0,0,0,0,0,0,0.551,0.55,0.55,0.001,0.001
0,0,0,0,0,0,0,0,0,0,0,0,0,0,0,0,0,0.491,0.496,0.496,0.005,0.005
1,0,0,0,0,1,0,0,0,0,0,0,0,0,0,0,0,0.549,0.55,0.55,0.001,0.001
1,1,0,0,1,1,1,0,0,0,0,0,0,0,0,0,0,0.278,0.272,0.272,0.006,0.006
1,0,1,0,0,0,0,0,0,0,0,0,0,0,0,0,0,0.824,0.815,0.815,0.009,0.009
1,1,0,0,1,1,1,0,0,0,0,0,0,0,0,0,0,0.267,0.272,0.272,0.005,0.005
1,0,1,1,0,1,0,1,0,0,0,1,1,0,0,1,0,0.876,0.878,0.826,0.05,0.002
0,1,0,0,1,0,1,0,0,0,0,0,0,0,0,0,0,0.217,0.218,0.218,0.001,0.001
1,0,1,1,0,0,0,0,0,0,0,1,0,0,0,0,0,0.75,0.743,0.743,0.007,0.007
1,0,0,0,0,0,0,0,0,0,0,0,0,0,0,0,0,0.543,0.535,0.535,0.008,0.008
1,1,0,0,0,0,0,0,0,0,0,0,0,0,0,0,0,0.26,0.265,0.265,0.005,0.005
1,1,0,1,1,1,1,1,0,0,0,0,0,1,0,1,0,0.334,0.34,0.267,0.067,0.006
0,0,0,1,0,0,0,0,0,0,0,0,0,0,0,0,0,0.446,0.444,0.444,0.002,0.002
0,1,0,1,0,0,0,0,0,0,0,0,0,0,0,0,0,0.172,0.174,0.174,0.002,0.002
1,1,1,1,0,0,0,0,0,1,0,0,0,0,0,0,0,0.474,0.478,0.478,0.004,0.004
0,0,1,1,0,0,0,0,0,0,0,0,0,0,0,0,0,0.728,0.724,0.724,0.004,0.004
0,1,1,1,0,0,1,0,0,1,0,0,0,0,0,0,0,0.417,0.407,0.407,0.01,0.01
0,1,1,0,1,0,0,0,0,1,0,0,0,0,0,0,0,0.508,0.515,0.515,0.007,0.007
1,0,0,0,0,0,0,0,0,0,0,0,0,0,0,0,0,0.543,0.535,0.535,0.008,0.008
1,0,1,0,0,1,0,0,0,0,0,0,1,0,0,0,0,0.827,0.83,0.81,0.017,0.003
0,0,0,0,0,0,0,1,0,0,0,0,0,0,0,0,0,0.626,0.616,0.616,0.01,0.01
1,0,0,0,0,1,0,0,0,0,0,0,0,0,0,0,0,0.555,0.55,0.55,0.005,0.005
1,0,0,0,0,1,0,1,0,0,0,0,0,0,0,0,0,0.661,0.67,0.67,0.009,0.009
0,0,0,1,0,0,0,0,0,0,0,0,0,0,0,0,0,0.434,0.444,0.444,0.01,0.01
1,0,0,0,0,0,0,0,0,0,0,0,0,0,0,0,0,0.533,0.535,0.535,0.002,0.002
1,1,1,1,0,1,1,0,0,1,0,0,1,0,0,0,0,0.452,0.461,0.441,0.011,0.009
0,0,0,1,0,0,0,0,0,0,0,0,0,0,0,0,0,0.445,0.444,0.444,0.001,0.001
1,0,0,1,0,0,0,0,0,0,0,0,0,0,0,0,0,0.489,0.483,0.483,0.006,0.006
1,0,1,1,0,0,0,0,0,0,0,0,0,0,0,0,0,0.764,0.763,0.763,0.001,0.001
1,0,1,0,0,0,0,0,0,0,0,1,0,0,0,0,0,0.804,0.795,0.795,0.009,0.009
0,1,1,1,0,0,1,0,0,1,0,0,0,0,0,0,0,0.414,0.407,0.407,0.007,0.007
1,0,1,0,0,1,0,1,0,0,0,0,1,0,0,0,0,0.958,0.95,0.93,0.028,0.008
1,1,1,0,0,1,1,0,0,1,0,0,1,0,0,0,0,0.51,0.513,0.493,0.017,0.003
1,0,0,0,0,0,0,0,0,0,0,0,0,0,0,0,0,0.532,0.535,0.535,0.003,0.003
1,0,0,1,0,1,0,0,0,0,0,0,0,0,0,0,0,0.496,0.498,0.498,0.002,0.002
1,1,1,0,1,1,1,1,0,1,0,1,1,1,0,0,0,0.636,0.637,0.576,0.06,0.001
0,0,0,1,0,0,0,0,0,0,0,0,0,0,0,0,0,0.44,0.444,0.444,0.004,0.004
1,0,0,1,0,1,0,0,0,0,0,0,0,0,0,0,0,0.494,0.498,0.498,0.004,0.004
0,0,1,1,0,0,0,0,0,0,0,1,0,0,0,0,0,0.697,0.704,0.704,0.007,0.007
0,0,1,1,0,0,0,0,0,0,0,1,0,0,0,0,0,0.694,0.704,0.704,0.01,0.01
1,1,0,1,0,0,0,0,0,0,0,0,0,0,0,0,0,0.207,0.213,0.213,0.006,0.006
1,0,1,0,0,1,0,0,0,0,0,0,1,0,0,0,0,0.834,0.83,0.81,0.024,0.004
0,1,0,0,0,0,1,0,0,0,0,0,0,0,0,0,0,0.186,0.194,0.194,0.008,0.008
0,1,0,1,1,0,1,0,0,0,0,0,0,0,0,0,0,0.167,0.166,0.166,0.001,0.001
1,0,1,1,0,0,0,0,0,0,0,1,0,0,0,0,0,0.75,0.743,0.743,0.007,0.007
1,1,1,0,1,1,1,0,0,1,0,0,1,0,0,0,0,0.533,0.537,0.517,0.016,0.004
1,0,1,0,0,1,0,1,0,0,0,1,1,0,0,0,0,0.925,0.93,0.91,0.015,0.005
1,0,1,0,0,0,0,0,0,0,0,1,0,0,0,0,0,0.797,0.795,0.795,0.002,0.002
0,1,0,0,0,0,0,0,0,0,0,0,0,0,0,0,0,0.222,0.226,0.226,0.004,0.004
1,0,0,1,0,0,0,0,0,0,0,0,0,0,0,0,0,0.492,0.483,0.483,0.009,0.009
0,1,1,1,1,0,1,0,0,1,0,0,0,0,0,0,0,0.432,0.431,0.431,0.001,0.001
1,1,1,0,0,1,1,1,0,1,0,0,1,1,0,0,0,0.642,0.633,0.572,0.07,0.009
0,0,1,1,0,0,0,0,0,0,0,0,0,0,0,0,0,0.725,0.724,0.724,0.001,0.001
1,1,1,0,0,1,1,0,0,1,0,1,1,0,0,0,0,0.49,0.493,0.473,0.017,0.003
1,0,0,1,0,1,0,0,0,0,0,0,0,0,0,0,0,0.498,0.498,0.498,0,0
1,1,0,1,0,0,0,0,0,0,0,0,0,0,0,0,0,0.212,0.213,0.213,0.001,0.001
1,0,0,0,0,0,0,0,0,0,0,0,0,0,0,0,0,0.54,0.535,0.535,0.005,0.005
0,0,1,1,0,0,0,0,0,0,0,1,0,0,0,0,0,0.707,0.704,0.704,0.003,0.003
0,0,0,1,0,0,0,0,0,0,0,0,0,0,0,0,0,0.438,0.444,0.444,0.006,0.006
1,1,0,1,1,1,1,1,0,0,0,0,0,1,0,1,0,0.337,0.34,0.267,0.07,0.003
1,0,1,1,0,0,0,0,0,0,0,1,0,0,0,0,0,0.749,0.743,0.743,0.006,0.006
1,1,0,0,1,1,1,0,0,0,0,0,0,0,0,0,0,0.27,0.272,0.272,0.002,0.002
0,0,1,0,0,0,0,0,0,0,0,0,0,0,0,0,0,0.781,0.776,0.776,0.005,0.005
1,0,1,0,0,1,0,0,0,0,0,0,1,0,0,0,0,0.824,0.83,0.81,0.014,0.006
1,1,0,1,1,1,1,0,0,0,0,0,0,0,0,0,0,0.228,0.22,0.22,0.008,0.008
1,0,0,0,0,1,0,0,0,0,0,0,0,0,0,0,0,0.551,0.55,0.55,0.001,0.001
1,0,0,1,0,0,0,0,0,0,0,0,0,0,0,0,0,0.493,0.483,0.483,0.01,0.01
0,1,0,0,1,0,1,1,0,0,0,0,0,1,0,0,0,0.338,0.338,0.297,0.041,9.99E-16
1,0,1,0,0,0,0,0,0,0,0,0,0,0,0,0,0,0.81,0.815,0.815,0.005,0.005
0,0,1,1,0,0,0,0,0,0,0,0,0,0,0,0,0,0.734,0.724,0.724,0.01,0.01
0,0,0,1,0,0,0,0,0,0,0,0,0,0,0,0,0,0.45,0.444,0.444,0.006,0.006
0,1,1,1,0,0,0,0,0,1,0,1,0,0,0,0,0,0.418,0.419,0.419,0.001,0.001
0,0,0,1,0,0,0,0,0,0,0,0,0,0,0,0,0,0.435,0.444,0.444,0.009,0.009
0,1,1,1,0,0,1,1,0,1,0,0,0,1,0,1,0,0.532,0.527,0.454,0.078,0.005
1,0,0,0,0,1,0,0,0,0,0,0,0,0,0,0,0,0.548,0.55,0.55,0.002,0.002
1,1,1,1,1,0,0,0,0,1,0,1,0,0,0,0,0,0.481,0.482,0.482,0.001,0.001
1,1,0,1,1,1,1,0,0,0,0,0,0,0,0,0,0,0.211,0.22,0.22,0.009,0.009
0,0,0,0,0,0,0,1,0,0,0,0,0,0,0,0,0,0.606,0.616,0.616,0.01,0.01
1,0,0,1,0,0,0,0,0,0,0,0,0,0,0,0,0,0.488,0.483,0.483,0.005,0.005
1,1,0,1,1,1,1,0,0,0,0,0,0,0,0,0,0,0.221,0.22,0.22,0.001,0.001
0,1,0,0,0,0,1,0,0,0,0,0,0,0,0,0,0,0.192,0.194,0.194,0.002,0.002
1,1,1,0,1,1,1,0,0,1,0,0,1,0,0,0,0,0.533,0.537,0.517,0.016,0.004
1,1,0,0,0,0,0,0,0,0,0,0,0,0,0,0,0,0.26,0.265,0.265,0.005,0.005
0,0,0,1,0,0,0,1,0,0,0,0,0,0,0,1,0,0.573,0.564,0.532,0.041,0.009
0,0,1,0,0,0,0,0,0,0,0,1,0,0,0,0,0,0.747,0.756,0.756,0.009,0.009
0,0,1,1,0,0,0,0,0,0,0,0,0,0,0,0,0,0.731,0.724,0.724,0.007,0.007
1,1,1,1,0,1,1,1,0,1,0,0,1,1,0,1,0,0.581,0.581,0.488,0.093,0
1,0,1,0,0,0,0,0,0,0,0,0,0,0,0,0,0,0.819,0.815,0.815,0.004,0.004
0,1,0,1,1,0,1,1,0,0,0,0,0,1,0,1,0,0.289,0.286,0.213,0.076,0.003
1,0,1,1,0,0,0,0,0,0,0,0,0,0,0,0,0,0.771,0.763,0.763,0.008,0.008
0,1,0,1,0,0,1,1,0,0,0,0,0,1,0,1,0,0.257,0.262,0.189,0.068,0.005
1,0,1,0,0,1,0,1,0,0,0,1,1,0,0,0,0,0.934,0.93,0.91,0.024,0.004
1,0,1,0,0,1,0,1,0,0,0,1,1,0,0,0,0,0.932,0.93,0.91,0.022,0.002
0,0,1,0,0,0,0,0,0,0,0,0,0,0,0,0,0,0.777,0.776,0.776,0.001,0.001
1,0,0,1,0,1,0,0,0,0,0,0,0,0,0,0,0,0.503,0.498,0.498,0.005,0.005
1,0,0,0,0,0,0,0,0,0,0,0,0,0,0,0,0,0.534,0.535,0.535,0.001,0.001
1,0,1,1,0,0,0,0,0,0,0,1,0,0,0,0,0,0.739,0.743,0.743,0.004,0.004
1,0,1,1,0,1,0,0,0,0,0,0,1,0,0,0,0,0.768,0.778,0.758,0.01,0.01
1,0,1,0,0,0,0,0,0,0,0,1,0,0,0,0,0,0.788,0.795,0.795,0.007,0.007
0,1,0,0,1,0,1,1,0,0,0,0,0,1,0,0,0,0.346,0.338,0.297,0.049,0.008
0,1,1,1,0,0,1,1,0,1,0,1,0,1,0,1,0,0.501,0.507,0.434,0.067,0.006
0,0,1,0,0,0,0,0,0,0,0,1,0,0,0,0,0,0.764,0.756,0.756,0.008,0.008
0,0,0,1,0,0,0,0,0,0,0,0,0,0,0,0,0,0.45,0.444,0.444,0.006,0.006
1,0,0,1,0,0,0,0,0,0,0,0,0,0,0,0,0,0.491,0.483,0.483,0.008,0.008
0,0,0,0,0,0,0,0,0,0,0,0,0,0,0,0,0,0.492,0.496,0.496,0.004,0.004
1,0,1,0,0,0,0,0,0,0,0,1,0,0,0,0,0,0.796,0.795,0.795,0.001,0.001
0,1,1,1,0,0,1,1,0,1,0,1,0,1,0,1,0,0.512,0.507,0.434,0.078,0.005
1,1,0,0,0,0,0,0,0,0,0,0,0,0,0,0,0,0.261,0.265,0.265,0.004,0.004
0,0,0,0,0,0,0,0,0,0,0,0,0,0,0,0,0,0.492,0.496,0.496,0.004,0.004
1,0,1,0,0,0,0,0,0,0,0,1,0,0,0,0,0,0.804,0.795,0.795,0.009,0.009
0,0,1,1,0,0,0,0,0,0,0,0,0,0,0,0,0,0.72,0.724,0.724,0.004,0.004
0,0,0,0,0,0,0,0,0,0,0,0,0,0,0,0,0,0.489,0.496,0.496,0.007,0.007
0,0,0,0,0,0,0,0,0,0,0,0,0,0,0,0,0,0.491,0.496,0.496,0.005,0.005
0,1,0,1,1,0,1,0,0,0,0,0,0,0,0,0,0,0.172,0.166,0.166,0.006,0.006
1,1,1,0,1,1,1,0,0,1,0,0,1,0,0,0,0,0.539,0.537,0.517,0.022,0.002
1,0,0,1,0,0,0,0,0,0,0,0,0,0,0,0,0,0.488,0.483,0.483,0.005,0.005
1,0,1,0,0,1,0,0,0,0,0,0,1,0,0,0,0,0.828,0.83,0.81,0.018,0.002
0,0,0,0,0,0,0,1,0,0,0,0,0,0,0,0,0,0.613,0.616,0.616,0.003,0.003
0,1,1,1,1,0,1,1,0,1,0,0,0,1,0,1,0,0.545,0.551,0.478,0.067,0.006
1,0,0,1,0,0,0,0,0,0,0,0,0,0,0,0,0,0.488,0.483,0.483,0.005,0.005
0,1,0,1,0,0,0,0,0,0,0,0,0,0,0,0,0,0.165,0.174,0.174,0.009,0.009
1,1,0,1,1,1,1,1,0,0,0,0,0,1,0,1,0,0.332,0.34,0.267,0.065,0.008
1,1,1,1,0,0,0,0,0,1,0,1,0,0,0,0,0,0.448,0.458,0.458,0.01,0.01
1,0,1,0,0,0,0,0,0,0,0,0,0,0,0,0,0,0.823,0.815,0.815,0.008,0.008
0,1,1,0,1,0,0,0,0,1,0,0,0,0,0,0,0,0.514,0.515,0.515,0.001,0.001
1,1,1,1,1,1,1,1,0,1,0,0,1,1,0,1,0,0.596,0.605,0.512,0.084,0.009
1,1,1,0,1,0,0,0,0,1,0,0,0,0,0,0,0,0.553,0.554,0.554,0.001,0.001
1,1,0,0,0,0,0,0,0,0,0,0,0,0,0,0,0,0.257,0.265,0.265,0.008,0.008
1,0,1,0,0,0,0,0,0,0,0,1,0,0,0,0,0,0.802,0.795,0.795,0.007,0.007
0,0,0,0,0,0,0,0,0,0,0,0,0,0,0,0,0,0.498,0.496,0.496,0.002,0.002
0,0,0,0,0,0,0,0,0,0,0,0,0,0,0,0,0,0.495,0.496,0.496,0.001,0.001
1,0,0,0,0,0,0,0,0,0,0,0,0,0,0,0,0,0.531,0.535,0.535,0.004,0.004
1,1,0,1,0,1,1,0,0,0,0,0,0,0,0,0,0,0.2,0.196,0.196,0.004,0.004
1,1,0,1,1,1,1,0,0,0,0,0,0,0,0,0,0,0.219,0.22,0.22,0.001,0.001
1,0,1,0,0,0,0,0,0,0,0,0,0,0,0,0,0,0.819,0.815,0.815,0.004,0.004
1,1,1,0,0,1,1,1,0,1,0,1,1,1,0,0,0,0.615,0.613,0.552,0.063,0.002
1,1,0,0,1,0,0,0,0,0,0,0,0,0,0,0,0,0.281,0.289,0.289,0.008,0.008
1,0,0,0,0,0,0,0,0,0,0,0,0,0,0,0,0,0.537,0.535,0.535,0.002,0.002
1,0,0,1,0,1,0,0,0,0,0,0,0,0,0,0,0,0.498,0.498,0.498,0,0
1,1,0,1,1,1,1,0,0,0,0,0,0,0,0,0,0,0.222,0.22,0.22,0.002,0.002
0,1,1,0,0,0,0,0,0,1,0,0,0,0,0,0,0,0.499,0.491,0.491,0.008,0.008
0,0,0,1,0,0,0,0,0,0,0,0,0,0,0,0,0,0.436,0.444,0.444,0.008,0.008
0,0,0,0,0,0,0,1,0,0,0,0,0,0,0,0,0,0.608,0.616,0.616,0.008,0.008
0,0,1,1,0,0,0,0,0,0,0,0,0,0,0,0,0,0.719,0.724,0.724,0.005,0.005
0,1,1,1,1,0,1,1,0,1,0,0,0,1,0,1,0,0.561,0.551,0.478,0.083,0.01
0,1,1,0,0,0,0,0,0,1,0,0,0,0,0,0,0,0.485,0.491,0.491,0.006,0.006
0,0,1,0,0,0,0,0,0,0,0,1,0,0,0,0,0,0.76,0.756,0.756,0.004,0.004
1,1,1,0,1,1,1,0,0,1,0,0,1,0,0,0,0,0.53,0.537,0.517,0.013,0.007
1,0,0,0,0,0,0,0,0,0,0,0,0,0,0,0,0,0.54,0.535,0.535,0.005,0.005
0,0,1,0,0,0,0,1,0,0,0,1,0,0,0,0,0,0.876,0.876,0.876,0,0
1,1,0,0,1,1,1,0,0,0,0,0,0,0,0,0,0,0.264,0.272,0.272,0.008,0.008
1,0,0,0,0,0,0,0,0,0,0,0,0,0,0,0,0,0.544,0.535,0.535,0.009,0.009
0,0,0,1,0,0,0,0,0,0,0,0,0,0,0,0,0,0.435,0.444,0.444,0.009,0.009
1,0,1,1,0,1,0,0,0,0,0,1,1,0,0,0,0,0.748,0.758,0.738,0.01,0.01
0,0,1,1,0,0,0,1,0,0,0,1,0,0,0,1,0,0.821,0.824,0.792,0.029,0.003
1,1,1,1,0,0,0,0,0,1,0,1,0,0,0,0,0,0.455,0.458,0.458,0.003,0.003
0,1,1,0,1,0,0,0,0,1,0,0,0,0,0,0,0,0.516,0.515,0.515,0.001,0.001
1,1,0,1,1,0,0,0,0,0,0,0,0,0,0,0,0,0.237,0.237,0.237,0,0
1,1,1,1,0,1,1,1,0,1,0,1,1,1,0,1,0,0.561,0.561,0.468,0.093,9.99E-16
1,0,1,1,0,0,0,0,0,0,0,0,0,0,0,0,0,0.77,0.763,0.763,0.007,0.007
1,0,0,0,0,0,0,0,0,0,0,0,0,0,0,0,0,0.543,0.535,0.535,0.008,0.008
1,0,0,0,0,0,0,0,0,0,0,0,0,0,0,0,0,0.537,0.535,0.535,0.002,0.002
1,1,0,0,0,0,0,0,0,0,0,0,0,0,0,0,0,0.275,0.265,0.265,0.01,0.01
0,0,1,1,0,0,0,0,0,0,0,0,0,0,0,0,0,0.728,0.724,0.724,0.004,0.004
0,0,0,0,0,0,0,0,0,0,0,0,0,0,0,0,0,0.505,0.496,0.496,0.009,0.009
0,1,0,0,1,0,1,0,0,0,0,0,0,0,0,0,0,0.216,0.218,0.218,0.002,0.002
1,1,0,0,0,1,1,0,0,0,0,0,0,0,0,0,0,0.24,0.248,0.248,0.008,0.008
1,1,1,1,0,1,1,1,0,1,0,1,1,1,0,1,0,0.563,0.561,0.468,0.095,0.002
0,1,1,1,1,0,1,1,0,1,0,0,0,1,0,1,0,0.557,0.551,0.478,0.079,0.006
0,1,0,0,0,0,1,0,0,0,0,0,0,0,0,0,0,0.199,0.194,0.194,0.005,0.005
1,0,0,0,0,0,0,0,0,0,0,0,0,0,0,0,0,0.538,0.535,0.535,0.003,0.003
1,1,0,0,1,1,1,0,0,0,0,0,0,0,0,0,0,0.267,0.272,0.272,0.005,0.005
1,1,0,1,0,0,0,0,0,0,0,0,0,0,0,0,0,0.205,0.213,0.213,0.008,0.008
0,1,1,1,1,0,1,1,0,1,0,0,0,1,0,1,0,0.543,0.551,0.478,0.065,0.008
1,0,1,0,0,0,0,0,0,0,0,1,0,0,0,0,0,0.8,0.795,0.795,0.005,0.005
0,0,1,0,0,0,0,1,0,0,0,1,0,0,0,0,0,0.886,0.876,0.876,0.01,0.01
1,0,0,0,0,1,0,0,0,0,0,0,0,0,0,0,0,0.545,0.55,0.55,0.005,0.005
1,1,0,0,1,1,1,0,0,0,0,0,0,0,0,0,0,0.266,0.272,0.272,0.006,0.006
1,0,1,0,0,1,0,0,0,0,0,0,1,0,0,0,0,0.825,0.83,0.81,0.015,0.005
0,0,0,1,0,0,0,0,0,0,0,0,0,0,0,0,0,0.448,0.444,0.444,0.004,0.004
0,0,0,1,0,0,0,0,0,0,0,0,0,0,0,0,0,0.445,0.444,0.444,0.001,0.001
1,0,1,1,0,1,0,1,0,0,0,1,1,0,0,1,0,0.875,0.878,0.826,0.049,0.003
0,0,0,1,0,0,0,0,0,0,0,0,0,0,0,0,0,0.445,0.444,0.444,0.001,0.001
0,1,0,1,0,0,1,0,0,0,0,0,0,0,0,0,0,0.146,0.142,0.142,0.004,0.004
1,0,1,1,0,0,0,0,0,0,0,1,0,0,0,0,0,0.736,0.743,0.743,0.007,0.007
0,1,1,0,1,0,0,0,0,1,0,0,0,0,0,0,0,0.524,0.515,0.515,0.009,0.009
0,1,0,1,0,0,1,0,0,0,0,0,0,0,0,0,0,0.146,0.142,0.142,0.004,0.004
0,1,0,1,1,0,0,0,0,0,0,0,0,0,0,0,0,0.206,0.198,0.198,0.008,0.008
1,1,1,0,1,1,1,0,0,1,0,1,1,0,0,0,0,0.516,0.517,0.497,0.019,0.001
0,0,1,1,0,0,0,0,0,0,0,0,0,0,0,0,0,0.728,0.724,0.724,0.004,0.004
1,1,0,0,1,0,0,0,0,0,0,0,0,0,0,0,0,0.279,0.289,0.289,0.01,0.01
1,1,1,1,1,0,0,0,0,1,0,0,0,0,0,0,0,0.512,0.502,0.502,0.01,0.01
0,1,0,1,0,0,0,0,0,0,0,0,0,0,0,0,0,0.172,0.174,0.174,0.002,0.002
0,0,0,0,0,0,0,0,0,0,0,0,0,0,0,0,0,0.495,0.496,0.496,0.001,0.001
1,0,0,0,0,0,0,0,0,0,0,0,0,0,0,0,0,0.538,0.535,0.535,0.003,0.003
0,0,1,1,0,0,0,0,0,0,0,0,0,0,0,0,0,0.733,0.724,0.724,0.009,0.009
0,1,0,1,1,0,1,0,0,0,0,0,0,0,0,0,0,0.168,0.166,0.166,0.002,0.002
1,0,0,1,0,1,0,0,0,0,0,0,0,0,0,0,0,0.498,0.498,0.498,0,0
1,1,0,0,1,1,1,0,0,0,0,0,0,0,0,0,0,0.265,0.272,0.272,0.007,0.007
1,0,1,1,0,1,0,1,0,0,0,1,1,0,0,1,0,0.882,0.878,0.826,0.056,0.004
0,0,0,1,0,0,0,0,0,0,0,0,0,0,0,0,0,0.441,0.444,0.444,0.003,0.003
1,0,1,0,0,0,0,0,0,0,0,1,0,0,0,0,0,0.797,0.795,0.795,0.002,0.002
1,1,0,0,0,0,0,0,0,0,0,0,0,0,0,0,0,0.259,0.265,0.265,0.006,0.006
1,1,0,1,1,1,1,1,0,0,0,0,0,1,0,1,0,0.335,0.34,0.267,0.068,0.005
1,0,0,1,0,0,0,0,0,0,0,0,0,0,0,0,0,0.491,0.483,0.483,0.008,0.008
0,0,0,1,0,0,0,0,0,0,0,0,0,0,0,0,0,0.444,0.444,0.444,0,0
1,0,0,0,0,1,0,0,0,0,0,0,0,0,0,0,0,0.54,0.55,0.55,0.01,0.01
1,0,0,0,0,1,0,0,0,0,0,0,0,0,0,0,0,0.553,0.55,0.55,0.003,0.003
1,1,0,1,1,0,0,0,0,0,0,0,0,0,0,0,0,0.247,0.237,0.237,0.01,0.01
1,0,0,1,0,0,0,0,0,0,0,0,0,0,0,0,0,0.49,0.483,0.483,0.007,0.007
1,0,0,1,0,0,0,0,0,0,0,0,0,0,0,0,0,0.484,0.483,0.483,0.001,0.001
1,1,0,0,0,0,0,0,0,0,0,0,0,0,0,0,0,0.262,0.265,0.265,0.003,0.003
1,0,0,1,0,0,0,0,0,0,0,0,0,0,0,0,0,0.482,0.483,0.483,0.001,0.001
0,1,0,0,1,0,0,0,0,0,0,0,0,0,0,0,0,0.242,0.25,0.25,0.008,0.008
0,0,0,1,0,0,0,0,0,0,0,0,0,0,0,0,0,0.448,0.444,0.444,0.004,0.004
1,0,1,0,0,0,0,0,0,0,0,1,0,0,0,0,0,0.803,0.795,0.795,0.008,0.008
1,1,1,0,0,0,0,0,0,1,0,0,0,0,0,0,0,0.522,0.53,0.53,0.008,0.008
1,1,0,1,0,1,1,0,0,0,0,0,0,0,0,0,0,0.186,0.196,0.196,0.01,0.01
1,1,0,1,1,1,1,1,0,0,0,0,0,1,0,1,0,0.34,0.34,0.267,0.073,9.99E-16
1,0,0,1,0,0,0,0,0,0,0,0,0,0,0,0,0,0.477,0.483,0.483,0.006,0.006
1,1,1,0,1,0,0,0,0,1,0,1,0,0,0,0,0,0.535,0.534,0.534,0.001,0.001
1,1,0,1,1,1,1,0,0,0,0,0,0,0,0,0,0,0.218,0.22,0.22,0.002,0.002
0,0,1,1,0,0,0,0,0,0,0,1,0,0,0,0,0,0.71,0.704,0.704,0.006,0.006
1,0,0,0,0,0,0,0,0,0,0,0,0,0,0,0,0,0.534,0.535,0.535,0.001,0.001
0,0,0,0,0,0,0,0,0,0,0,0,0,0,0,0,0,0.49,0.496,0.496,0.006,0.006
1,0,0,0,0,0,0,0,0,0,0,0,0,0,0,0,0,0.534,0.535,0.535,0.001,0.001
0,0,0,0,0,0,0,0,0,0,0,0,0,0,0,0,0,0.497,0.496,0.496,0.001,0.001
0,0,1,1,0,0,0,0,0,0,0,1,0,0,0,0,0,0.7,0.704,0.704,0.004,0.004
0,0,1,1,0,0,0,0,0,0,0,0,0,0,0,0,0,0.73,0.724,0.724,0.006,0.006
1,0,0,0,0,0,0,0,0,0,0,0,0,0,0,0,0,0.528,0.535,0.535,0.007,0.007
0,1,1,1,1,0,1,1,0,1,0,1,0,1,0,1,0,0.534,0.531,0.458,0.076,0.003
1,1,0,0,1,1,1,1,0,0,0,0,0,1,0,0,0,0.395,0.392,0.351,0.044,0.003
0,1,1,1,0,0,1,1,0,1,0,1,0,1,0,1,0,0.508,0.507,0.434,0.074,0.001
0,0,0,1,0,0,0,0,0,0,0,0,0,0,0,0,0,0.453,0.444,0.444,0.009,0.009
1,1,0,1,1,1,1,0,0,0,0,0,0,0,0,0,0,0.229,0.22,0.22,0.009,0.009
1,1,0,1,1,0,0,0,0,0,0,0,0,0,0,0,0,0.241,0.237,0.237,0.004,0.004
0,0,0,0,0,0,0,1,0,0,0,0,0,0,0,0,0,0.608,0.616,0.616,0.008,0.008
1,0,0,0,0,0,0,0,0,0,0,0,0,0,0,0,0,0.543,0.535,0.535,0.008,0.008
1,1,0,0,0,1,1,0,0,0,0,0,0,0,0,0,0,0.246,0.248,0.248,0.002,0.002
1,0,1,1,0,0,0,0,0,0,0,1,0,0,0,0,0,0.746,0.743,0.743,0.003,0.003
0,0,1,1,0,0,0,0,0,0,0,0,0,0,0,0,0,0.73,0.724,0.724,0.006,0.006
1,1,1,0,1,0,0,0,0,1,0,0,0,0,0,0,0,0.545,0.554,0.554,0.009,0.009
1,0,0,0,0,0,0,0,0,0,0,0,0,0,0,0,0,0.543,0.535,0.535,0.008,0.008
1,0,1,0,0,1,0,0,0,0,0,0,1,0,0,0,0,0.822,0.83,0.81,0.012,0.008
0,0,0,0,0,0,0,0,0,0,0,0,0,0,0,0,0,0.491,0.496,0.496,0.005,0.005
0,1,1,1,1,0,0,0,0,1,0,0,0,0,0,0,0,0.454,0.463,0.463,0.009,0.009
1,1,1,1,0,1,1,1,0,1,0,0,1,1,0,1,0,0.583,0.581,0.488,0.095,0.002
0,0,1,0,0,0,0,1,0,0,0,1,0,0,0,0,0,0.886,0.876,0.876,0.01,0.01
1,1,1,0,1,1,1,0,0,1,0,0,1,0,0,0,0,0.527,0.537,0.517,0.01,0.01
1,0,0,1,0,1,0,0,0,0,0,0,0,0,0,0,0,0.494,0.498,0.498,0.004,0.004
0,0,0,1,0,0,0,0,0,0,0,0,0,0,0,0,0,0.447,0.444,0.444,0.003,0.003
0,0,0,1,0,0,0,0,0,0,0,0,0,0,0,0,0,0.449,0.444,0.444,0.005,0.005
0,0,1,1,0,0,0,1,0,0,0,1,0,0,0,1,0,0.816,0.824,0.792,0.024,0.008
1,1,1,1,1,1,1,1,0,1,0,0,1,1,0,1,0,0.614,0.605,0.512,0.102,0.009
1,0,0,0,0,0,0,0,0,0,0,0,0,0,0,0,0,0.532,0.535,0.535,0.003,0.003
0,0,1,0,0,0,0,0,0,0,0,0,0,0,0,0,0,0.785,0.776,0.776,0.009,0.009
0,1,1,1,0,0,0,0,0,1,0,1,0,0,0,0,0,0.414,0.419,0.419,0.005,0.005
0,0,0,1,0,0,0,0,0,0,0,0,0,0,0,0,0,0.445,0.444,0.444,0.001,0.001
0,0,1,0,0,0,0,0,0,0,0,1,0,0,0,0,0,0.758,0.756,0.756,0.002,0.002
0,1,0,1,0,0,0,0,0,0,0,0,0,0,0,0,0,0.176,0.174,0.174,0.002,0.002
0,0,1,0,0,0,0,0,0,0,0,0,0,0,0,0,0,0.766,0.776,0.776,0.01,0.01
1,1,0,1,0,1,1,0,0,0,0,0,0,0,0,0,0,0.206,0.196,0.196,0.01,0.01
1,1,0,1,0,1,1,1,0,0,0,0,0,1,0,1,0,0.314,0.316,0.243,0.071,0.002
1,1,0,0,1,0,0,0,0,0,0,0,0,0,0,0,0,0.293,0.289,0.289,0.004,0.004
0,1,1,1,0,0,0,0,0,1,0,0,0,0,0,0,0,0.447,0.439,0.439,0.008,0.008
1,1,0,1,0,0,0,0,0,0,0,0,0,0,0,0,0,0.217,0.213,0.213,0.004,0.004
1,1,0,0,1,1,1,0,0,0,0,0,0,0,0,0,0,0.267,0.272,0.272,0.005,0.005
1,0,1,1,0,0,0,0,0,0,0,1,0,0,0,0,0,0.751,0.743,0.743,0.008,0.008
0,1,1,0,1,0,1,0,0,1,0,0,0,0,0,0,0,0.493,0.483,0.483,0.01,0.01
1,1,0,0,1,1,1,0,0,0,0,0,0,0,0,0,0,0.272,0.272,0.272,0,0
1,0,0,1,0,1,0,1,0,0,0,0,0,0,0,1,0,0.613,0.618,0.586,0.027,0.005
0,1,0,1,1,0,1,0,0,0,0,0,0,0,0,0,0,0.172,0.166,0.166,0.006,0.006
0,0,1,1,0,0,0,0,0,0,0,1,0,0,0,0,0,0.706,0.704,0.704,0.002,0.002
1,1,1,1,1,0,0,0,0,1,0,1,0,0,0,0,0,0.489,0.482,0.482,0.007,0.007
0,1,1,1,1,0,1,0,0,1,0,0,0,0,0,0,0,0.438,0.431,0.431,0.007,0.007
0,1,1,0,1,0,0,0,0,1,0,1,0,0,0,0,0,0.487,0.495,0.495,0.008,0.008
1,0,1,1,0,1,0,1,0,0,0,1,1,0,0,1,0,0.873,0.878,0.826,0.047,0.005
0,1,1,1,1,0,0,0,0,1,0,1,0,0,0,0,0,0.444,0.443,0.443,0.001,0.001
1,0,1,1,0,0,0,0,0,0,0,1,0,0,0,0,0,0.75,0.743,0.743,0.007,0.007
0,1,0,1,1,0,1,0,0,0,0,0,0,0,0,0,0,0.172,0.166,0.166,0.006,0.006
0,1,0,1,1,0,1,0,0,0,0,0,0,0,0,0,0,0.171,0.166,0.166,0.005,0.005
1,0,1,0,0,0,0,0,0,0,0,1,0,0,0,0,0,0.802,0.795,0.795,0.007,0.007
0,0,0,0,0,0,0,0,0,0,0,0,0,0,0,0,0,0.493,0.496,0.496,0.003,0.003
0,1,0,0,0,0,1,0,0,0,0,0,0,0,0,0,0,0.194,0.194,0.194,9.99E-16,9.99E-16
1,0,1,0,0,0,0,0,0,0,0,0,0,0,0,0,0,0.811,0.815,0.815,0.004,0.004
0,1,0,1,1,0,1,0,0,0,0,0,0,0,0,0,0,0.174,0.166,0.166,0.008,0.008
0,0,1,0,0,0,0,0,0,0,0,0,0,0,0,0,0,0.774,0.776,0.776,0.002,0.002
0,0,1,1,0,0,0,0,0,0,0,0,0,0,0,0,0,0.727,0.724,0.724,0.003,0.003
1,0,0,0,0,0,0,0,0,0,0,0,0,0,0,0,0,0.543,0.535,0.535,0.008,0.008
0,0,1,1,0,0,0,0,0,0,0,1,0,0,0,0,0,0.71,0.704,0.704,0.006,0.006
0,0,1,1,0,0,0,0,0,0,0,0,0,0,0,0,0,0.717,0.724,0.724,0.007,0.007
0,1,1,1,1,0,1,1,0,1,0,0,0,1,0,1,0,0.543,0.551,0.478,0.065,0.008
0,1,0,0,1,0,0,0,0,0,0,0,0,0,0,0,0,0.259,0.25,0.25,0.009,0.009
1,0,1,1,0,1,0,0,0,0,0,1,1,0,0,0,0,0.768,0.758,0.738,0.03,0.01
0,0,1,0,0,0,0,0,0,0,0,1,0,0,0,0,0,0.766,0.756,0.756,0.01,0.01
0,1,1,1,1,0,0,0,0,1,0,0,0,0,0,0,0,0.467,0.463,0.463,0.004,0.004
0,1,0,0,1,0,1,0,0,0,0,0,0,0,0,0,0,0.216,0.218,0.218,0.002,0.002
1,1,0,1,0,1,1,1,0,0,0,0,0,1,0,1,0,0.317,0.316,0.243,0.074,0.001
1,0,0,1,0,1,0,0,0,0,0,0,0,0,0,0,0,0.498,0.498,0.498,0,0
1,1,1,0,1,0,0,0,0,1,0,1,0,0,0,0,0,0.528,0.534,0.534,0.006,0.006
1,1,0,1,0,0,0,0,0,0,0,0,0,0,0,0,0,0.207,0.213,0.213,0.006,0.006
1,0,1,0,0,0,0,0,0,0,0,0,0,0,0,0,0,0.824,0.815,0.815,0.009,0.009
0,1,1,1,1,0,1,1,0,1,0,0,0,1,0,1,0,0.548,0.551,0.478,0.07,0.003
1,0,0,1,0,0,0,0,0,0,0,0,0,0,0,0,0,0.48,0.483,0.483,0.003,0.003
1,1,0,0,0,0,0,0,0,0,0,0,0,0,0,0,0,0.272,0.265,0.265,0.007,0.007
1,0,1,1,0,0,0,0,0,0,0,1,0,0,0,0,0,0.747,0.743,0.743,0.004,0.004
1,0,1,1,0,1,0,0,0,0,0,1,1,0,0,0,0,0.76,0.758,0.738,0.022,0.002
0,0,0,1,0,0,0,0,0,0,0,0,0,0,0,0,0,0.434,0.444,0.444,0.01,0.01
0,1,0,1,1,0,1,1,0,0,0,0,0,1,0,1,0,0.277,0.286,0.213,0.064,0.009
1,1,1,0,0,1,1,0,0,1,0,0,1,0,0,0,0,0.514,0.513,0.493,0.021,0.001
1,1,1,0,1,0,0,0,0,1,0,1,0,0,0,0,0,0.533,0.534,0.534,0.001,0.001
1,0,1,0,0,0,0,0,0,0,0,1,0,0,0,0,0,0.803,0.795,0.795,0.008,0.008
0,0,1,0,0,0,0,1,0,0,0,1,0,0,0,0,0,0.881,0.876,0.876,0.005,0.005
0,1,1,1,0,0,1,1,0,1,0,1,0,1,0,1,0,0.504,0.507,0.434,0.07,0.003
1,0,0,1,0,1,0,0,0,0,0,0,0,0,0,0,0,0.493,0.498,0.498,0.005,0.005
0,0,0,0,0,0,0,1,0,0,0,0,0,0,0,0,0,0.621,0.616,0.616,0.005,0.005
1,0,0,0,0,0,0,0,0,0,0,0,0,0,0,0,0,0.526,0.535,0.535,0.009,0.009
0,0,0,1,0,0,0,0,0,0,0,0,0,0,0,0,0,0.442,0.444,0.444,0.002,0.002
0,1,0,0,1,0,1,0,0,0,0,0,0,0,0,0,0,0.218,0.218,0.218,9.99E-16,9.99E-16
0,1,1,1,1,0,1,0,0,1,0,0,0,0,0,0,0,0.436,0.431,0.431,0.005,0.005
0,0,1,1,0,0,0,0,0,0,0,0,0,0,0,0,0,0.733,0.724,0.724,0.009,0.009
0,1,0,0,1,0,1,0,0,0,0,0,0,0,0,0,0,0.209,0.218,0.218,0.009,0.009
0,0,1,0,0,0,0,0,0,0,0,0,0,0,0,0,0,0.786,0.776,0.776,0.01,0.01
0,0,0,0,0,0,0,0,0,0,0,0,0,0,0,0,0,0.488,0.496,0.496,0.008,0.008
0,1,0,1,0,0,1,1,0,0,0,0,0,1,0,1,0,0.258,0.262,0.189,0.069,0.004
1,1,0,0,1,1,1,0,0,0,0,0,0,0,0,0,0,0.265,0.272,0.272,0.007,0.007
0,0,0,1,0,0,0,0,0,0,0,0,0,0,0,0,0,0.434,0.444,0.444,0.01,0.01
1,1,1,1,1,1,1,0,0,1,0,1,1,0,0,0,0,0.46,0.465,0.445,0.015,0.005
1,1,1,0,0,1,1,0,0,1,0,1,1,0,0,0,0,0.495,0.493,0.473,0.022,0.002
1,1,0,0,0,1,1,0,0,0,0,0,0,0,0,0,0,0.241,0.248,0.248,0.007,0.007
0,0,1,1,0,0,0,0,0,0,0,0,0,0,0,0,0,0.729,0.724,0.724,0.005,0.005
0,0,0,0,0,0,0,0,0,0,0,0,0,0,0,0,0,0.487,0.496,0.496,0.009,0.009
1,0,1,1,0,0,0,0,0,0,0,0,0,0,0,0,0,0.771,0.763,0.763,0.008,0.008
1,0,0,1,0,1,0,0,0,0,0,0,0,0,0,0,0,0.494,0.498,0.498,0.004,0.004
1,0,0,0,0,0,0,0,0,0,0,0,0,0,0,0,0,0.534,0.535,0.535,0.001,0.001
0,0,0,1,0,0,0,0,0,0,0,0,0,0,0,0,0,0.446,0.444,0.444,0.002,0.002
1,0,1,0,0,0,0,0,0,0,0,0,0,0,0,0,0,0.818,0.815,0.815,0.003,0.003
1,0,1,1,0,0,0,0,0,0,0,0,0,0,0,0,0,0.772,0.763,0.763,0.009,0.009
0,0,0,0,0,0,0,1,0,0,0,0,0,0,0,0,0,0.61,0.616,0.616,0.006,0.006
0,0,1,1,0,0,0,0,0,0,0,1,0,0,0,0,0,0.695,0.704,0.704,0.009,0.009
0,0,1,1,0,0,0,0,0,0,0,0,0,0,0,0,0,0.714,0.724,0.724,0.01,0.01
0,0,1,1,0,0,0,0,0,0,0,1,0,0,0,0,0,0.708,0.704,0.704,0.004,0.004
0,1,0,0,1,0,1,0,0,0,0,0,0,0,0,0,0,0.215,0.218,0.218,0.003,0.003
1,0,0,1,0,1,0,0,0,0,0,0,0,0,0,0,0,0.494,0.498,0.498,0.004,0.004
1,0,0,0,0,0,0,0,0,0,0,0,0,0,0,0,0,0.538,0.535,0.535,0.003,0.003
1,1,0,0,0,1,1,0,0,0,0,0,0,0,0,0,0,0.241,0.248,0.248,0.007,0.007
1,0,1,1,0,0,0,0,0,0,0,1,0,0,0,0,0,0.751,0.743,0.743,0.008,0.008
0,1,1,0,1,0,0,0,0,1,0,0,0,0,0,0,0,0.511,0.515,0.515,0.004,0.004
0,1,0,0,1,0,1,0,0,0,0,0,0,0,0,0,0,0.215,0.218,0.218,0.003,0.003
0,0,1,1,0,0,0,0,0,0,0,0,0,0,0,0,0,0.715,0.724,0.724,0.009,0.009
1,0,1,0,0,1,0,0,0,0,0,1,1,0,0,0,0,0.81,0.81,0.79,0.02,0
1,0,0,0,0,1,0,0,0,0,0,0,0,0,0,0,0,0.547,0.55,0.55,0.003,0.003
1,1,1,1,0,1,1,0,0,1,0,0,1,0,0,0,0,0.455,0.461,0.441,0.014,0.006
1,1,0,0,0,1,1,0,0,0,0,0,0,0,0,0,0,0.25,0.248,0.248,0.002,0.002
0,1,1,0,0,0,1,0,0,1,0,1,0,0,0,0,0,0.433,0.439,0.439,0.006,0.006
1,0,0,1,0,1,0,0,0,0,0,0,0,0,0,0,0,0.508,0.498,0.498,0.01,0.01
1,0,0,1,0,0,0,0,0,0,0,0,0,0,0,0,0,0.488,0.483,0.483,0.005,0.005
0,1,1,1,1,0,1,1,0,1,0,1,0,1,0,1,0,0.54,0.531,0.458,0.082,0.009
1,0,1,0,0,1,0,1,0,0,0,0,1,0,0,0,0,0.948,0.95,0.93,0.018,0.002
1,1,0,1,0,1,1,0,0,0,0,0,0,0,0,0,0,0.191,0.196,0.196,0.005,0.005
1,0,1,0,0,1,0,0,0,0,0,1,1,0,0,0,0,0.807,0.81,0.79,0.017,0.003
1,0,0,0,0,0,0,0,0,0,0,0,0,0,0,0,0,0.532,0.535,0.535,0.003,0.003
0,1,1,0,0,0,1,0,0,1,0,0,0,0,0,0,0,0.461,0.459,0.459,0.002,0.002
0,0,0,0,0,0,0,0,0,0,0,0,0,0,0,0,0,0.5,0.496,0.496,0.004,0.004
1,0,0,0,0,0,0,0,0,0,0,0,0,0,0,0,0,0.525,0.535,0.535,0.01,0.01
1,1,0,1,1,0,0,0,0,0,0,0,0,0,0,0,0,0.245,0.237,0.237,0.008,0.008
0,0,1,0,0,0,0,0,0,0,0,0,0,0,0,0,0,0.786,0.776,0.776,0.01,0.01
1,1,0,1,0,1,1,0,0,0,0,0,0,0,0,0,0,0.188,0.196,0.196,0.008,0.008
1,1,1,1,1,0,0,0,0,1,0,0,0,0,0,0,0,0.506,0.502,0.502,0.004,0.004
0,0,0,1,0,0,0,1,0,0,0,0,0,0,0,1,0,0.562,0.564,0.532,0.03,0.002
1,0,1,1,0,0,0,0,0,0,0,1,0,0,0,0,0,0.747,0.743,0.743,0.004,0.004
1,1,1,0,0,0,0,0,0,1,0,1,0,0,0,0,0,0.507,0.51,0.51,0.003,0.003
1,1,1,1,1,0,0,0,0,1,0,1,0,0,0,0,0,0.491,0.482,0.482,0.009,0.009
0,0,1,1,0,0,0,0,0,0,0,1,0,0,0,0,0,0.706,0.704,0.704,0.002,0.002
1,0,0,1,0,0,0,0,0,0,0,0,0,0,0,0,0,0.486,0.483,0.483,0.003,0.003
1,0,0,1,0,1,0,0,0,0,0,0,0,0,0,0,0,0.496,0.498,0.498,0.002,0.002
1,0,0,1,0,1,0,0,0,0,0,0,0,0,0,0,0,0.49,0.498,0.498,0.008,0.008
1,1,1,0,1,0,0,0,0,1,0,1,0,0,0,0,0,0.533,0.534,0.534,0.001,0.001
1,1,1,0,1,1,1,0,0,1,0,1,1,0,0,0,0,0.526,0.517,0.497,0.029,0.009
0,0,0,0,0,0,0,0,0,0,0,0,0,0,0,0,0,0.491,0.496,0.496,0.005,0.005
1,0,0,1,0,1,0,0,0,0,0,0,0,0,0,0,0,0.501,0.498,0.498,0.003,0.003
1,1,1,0,1,1,1,0,0,1,0,1,1,0,0,0,0,0.524,0.517,0.497,0.027,0.007
1,0,1,0,0,0,0,0,0,0,0,0,0,0,0,0,0,0.819,0.815,0.815,0.004,0.004
0,1,1,0,0,0,1,0,0,1,0,1,0,0,0,0,0,0.445,0.439,0.439,0.006,0.006
1,0,0,1,0,0,0,0,0,0,0,0,0,0,0,0,0,0.48,0.483,0.483,0.003,0.003
1,0,1,0,0,0,0,0,0,0,0,1,0,0,0,0,0,0.803,0.795,0.795,0.008,0.008
1,1,0,1,1,1,1,1,0,0,0,0,0,1,0,1,0,0.336,0.34,0.267,0.069,0.004
0,0,1,0,0,0,0,0,0,0,0,0,0,0,0,0,0,0.775,0.776,0.776,0.001,0.001
0,0,1,1,0,0,0,0,0,0,0,0,0,0,0,0,0,0.72,0.724,0.724,0.004,0.004
1,0,0,0,0,0,0,0,0,0,0,0,0,0,0,0,0,0.535,0.535,0.535,0,0
1,1,1,0,1,1,1,0,0,1,0,1,1,0,0,0,0,0.517,0.517,0.497,0.02,0
1,1,0,1,1,0,0,0,0,0,0,0,0,0,0,0,0,0.244,0.237,0.237,0.007,0.007
0,0,1,1,0,0,0,0,0,0,0,0,0,0,0,0,0,0.731,0.724,0.724,0.007,0.007
1,1,1,1,0,1,1,1,0,1,0,1,1,1,0,1,0,0.566,0.561,0.468,0.098,0.005
0,0,1,1,0,0,0,1,0,0,0,1,0,0,0,1,0,0.829,0.824,0.792,0.037,0.005
1,0,0,0,0,0,0,0,0,0,0,0,0,0,0,0,0,0.526,0.535,0.535,0.009,0.009
0,0,1,0,0,0,0,1,0,0,0,0,0,0,0,0,0,0.891,0.896,0.896,0.005,0.005
1,0,1,1,0,1,0,0,0,0,0,1,1,0,0,0,0,0.756,0.758,0.738,0.018,0.002
0,0,1,1,0,0,0,0,0,0,0,0,0,0,0,0,0,0.729,0.724,0.724,0.005,0.005
0,0,1,0,0,0,0,1,0,0,0,0,0,0,0,0,0,0.904,0.896,0.896,0.008,0.008
1,1,1,0,1,1,1,1,0,1,0,0,1,1,0,0,0,0.665,0.657,0.596,0.069,0.008
0,0,0,1,0,0,0,0,0,0,0,0,0,0,0,0,0,0.438,0.444,0.444,0.006,0.006
1,0,0,0,0,1,0,0,0,0,0,0,0,0,0,0,0,0.558,0.55,0.55,0.008,0.008
0,0,1,1,0,0,0,0,0,0,0,0,0,0,0,0,0,0.731,0.724,0.724,0.007,0.007
0,0,0,0,0,0,0,0,0,0,0,0,0,0,0,0,0,0.495,0.496,0.496,0.001,0.001
1,1,0,1,1,1,1,0,0,0,0,0,0,0,0,0,0,0.215,0.22,0.22,0.005,0.005
1,1,0,1,0,0,0,0,0,0,0,0,0,0,0,0,0,0.209,0.213,0.213,0.004,0.004
1,1,0,0,1,1,1,0,0,0,0,0,0,0,0,0,0,0.264,0.272,0.272,0.008,0.008
1,1,0,0,1,0,0,0,0,0,0,0,0,0,0,0,0,0.283,0.289,0.289,0.006,0.006
0,1,1,0,1,0,1,0,0,1,0,1,0,0,0,0,0,0.466,0.463,0.463,0.003,0.003
0,1,1,1,0,0,1,0,0,1,0,0,0,0,0,0,0,0.402,0.407,0.407,0.005,0.005
0,1,0,0,0,0,0,0,0,0,0,0,0,0,0,0,0,0.234,0.226,0.226,0.008,0.008
0,0,0,1,0,0,0,0,0,0,0,0,0,0,0,0,0,0.435,0.444,0.444,0.009,0.009
1,0,0,1,0,1,0,0,0,0,0,0,0,0,0,0,0,0.495,0.498,0.498,0.003,0.003
1,1,1,1,0,0,0,0,0,1,0,0,0,0,0,0,0,0.482,0.478,0.478,0.004,0.004
1,0,0,0,0,1,0,0,0,0,0,0,0,0,0,0,0,0.555,0.55,0.55,0.005,0.005
1,0,1,0,0,0,0,0,0,0,0,0,0,0,0,0,0,0.821,0.815,0.815,0.006,0.006
1,0,1,1,0,1,0,0,0,0,0,0,1,0,0,0,0,0.768,0.778,0.758,0.01,0.01
1,1,0,0,1,1,1,1,0,0,0,0,0,1,0,0,0,0.396,0.392,0.351,0.045,0.004
1,0,1,1,0,0,0,0,0,0,0,0,0,0,0,0,0,0.769,0.763,0.763,0.006,0.006
0,0,0,0,0,0,0,0,0,0,0,0,0,0,0,0,0,0.487,0.496,0.496,0.009,0.009
0,0,1,1,0,0,0,0,0,0,0,0,0,0,0,0,0,0.72,0.724,0.724,0.004,0.004
1,0,0,1,0,1,0,0,0,0,0,0,0,0,0,0,0,0.506,0.498,0.498,0.008,0.008
1,0,1,0,0,1,0,0,0,0,0,0,1,0,0,0,0,0.824,0.83,0.81,0.014,0.006
1,1,1,1,1,0,0,0,0,1,0,0,0,0,0,0,0,0.511,0.502,0.502,0.009,0.009
1,1,1,1,1,1,1,1,0,1,0,1,1,1,0,1,0,0.591,0.585,0.492,0.099,0.006
0,0,0,1,0,0,0,0,0,0,0,0,0,0,0,0,0,0.442,0.444,0.444,0.002,0.002
0,1,0,1,1,0,1,0,0,0,0,0,0,0,0,0,0,0.176,0.166,0.166,0.01,0.01
0,0,1,1,0,0,0,0,0,0,0,0,0,0,0,0,0,0.715,0.724,0.724,0.009,0.009
0,0,1,1,0,0,0,1,0,0,0,0,0,0,0,1,0,0.834,0.844,0.812,0.022,0.01
0,1,1,0,0,0,0,0,0,1,0,1,0,0,0,0,0,0.475,0.471,0.471,0.004,0.004
0,1,0,1,1,0,0,0,0,0,0,0,0,0,0,0,0,0.197,0.198,0.198,0.001,0.001
0,0,0,1,0,0,0,0,0,0,0,0,0,0,0,0,0,0.446,0.444,0.444,0.002,0.002
1,1,1,0,0,1,1,0,0,1,0,0,1,0,0,0,0,0.521,0.513,0.493,0.028,0.008
0,0,0,0,0,0,0,0,0,0,0,0,0,0,0,0,0,0.493,0.496,0.496,0.003,0.003
0,0,1,1,0,0,0,1,0,0,0,0,0,0,0,1,0,0.836,0.844,0.812,0.024,0.008
1,1,1,0,0,0,0,0,0,1,0,0,0,0,0,0,0,0.526,0.53,0.53,0.004,0.004
0,1,0,0,1,0,1,0,0,0,0,0,0,0,0,0,0,0.224,0.218,0.218,0.006,0.006
0,0,1,0,0,0,0,0,0,0,0,1,0,0,0,0,0,0.748,0.756,0.756,0.008,0.008
1,0,1,0,0,1,0,0,0,0,0,1,1,0,0,0,0,0.816,0.81,0.79,0.026,0.006
1,0,1,0,0,1,0,0,0,0,0,0,1,0,0,0,0,0.82,0.83,0.81,0.01,0.01
1,1,1,0,0,1,1,1,0,1,0,1,1,1,0,0,0,0.623,0.613,0.552,0.071,0.01
1,0,0,0,0,0,0,0,0,0,0,0,0,0,0,0,0,0.542,0.535,0.535,0.007,0.007
1,0,0,0,0,1,0,1,0,0,0,0,0,0,0,0,0,0.665,0.67,0.67,0.005,0.005
0,1,1,0,0,0,0,0,0,1,0,0,0,0,0,0,0,0.489,0.491,0.491,0.002,0.002
0,1,1,0,1,0,1,0,0,1,0,1,0,0,0,0,0,0.468,0.463,0.463,0.005,0.005
0,1,1,0,1,0,0,0,0,1,0,0,0,0,0,0,0,0.505,0.515,0.515,0.01,0.01
0,0,1,0,0,0,0,0,0,0,0,1,0,0,0,0,0,0.76,0.756,0.756,0.004,0.004
1,1,0,0,1,1,1,1,0,0,0,0,0,1,0,0,0,0.398,0.392,0.351,0.047,0.006
1,0,1,0,0,0,0,0,0,0,0,0,0,0,0,0,0,0.816,0.815,0.815,0.001,0.001
0,0,0,1,0,0,0,0,0,0,0,0,0,0,0,0,0,0.441,0.444,0.444,0.003,0.003
0,0,0,1,0,0,0,0,0,0,0,0,0,0,0,0,0,0.436,0.444,0.444,0.008,0.008
1,1,1,1,0,1,1,0,0,1,0,1,1,0,0,0,0,0.434,0.441,0.421,0.013,0.007
0,0,0,0,0,0,0,0,0,0,0,0,0,0,0,0,0,0.494,0.496,0.496,0.002,0.002
0,1,0,1,1,0,0,0,0,0,0,0,0,0,0,0,0,0.189,0.198,0.198,0.009,0.009
1,1,0,1,0,1,1,0,0,0,0,0,0,0,0,0,0,0.204,0.196,0.196,0.008,0.008
1,0,1,1,0,0,0,0,0,0,0,1,0,0,0,0,0,0.753,0.743,0.743,0.01,0.01
0,1,1,1,0,0,1,1,0,1,0,1,0,1,0,1,0,0.509,0.507,0.434,0.075,0.002
0,1,1,1,1,0,1,0,0,1,0,0,0,0,0,0,0,0.431,0.431,0.431,0,0
1,0,1,0,0,0,0,0,0,0,0,1,0,0,0,0,0,0.796,0.795,0.795,0.001,0.001
1,1,0,0,1,1,1,0,0,0,0,0,0,0,0,0,0,0.264,0.272,0.272,0.008,0.008
1,1,0,1,1,1,1,1,0,0,0,0,0,1,0,1,0,0.349,0.34,0.267,0.082,0.009
0,0,0,0,0,0,0,0,0,0,0,0,0,0,0,0,0,0.495,0.496,0.496,0.001,0.001
1,1,1,0,1,0,0,0,0,1,0,1,0,0,0,0,0,0.532,0.534,0.534,0.002,0.002
0,1,1,1,0,0,1,0,0,1,0,1,0,0,0,0,0,0.38,0.387,0.387,0.007,0.007
1,1,0,1,1,1,1,0,0,0,0,0,0,0,0,0,0,0.22,0.22,0.22,9.99E-16,9.99E-16
1,1,1,1,1,1,1,1,0,1,0,0,1,1,0,1,0,0.609,0.605,0.512,0.097,0.004
0,0,1,0,0,0,0,1,0,0,0,1,0,0,0,0,0,0.886,0.876,0.876,0.01,0.01
0,0,0,0,0,0,0,0,0,0,0,0,0,0,0,0,0,0.494,0.496,0.496,0.002,0.002
1,0,0,0,0,1,0,1,0,0,0,0,0,0,0,0,0,0.674,0.67,0.67,0.004,0.004
0,0,1,0,0,0,0,0,0,0,0,1,0,0,0,0,0,0.763,0.756,0.756,0.007,0.007
1,1,0,0,1,1,1,0,0,0,0,0,0,0,0,0,0,0.277,0.272,0.272,0.005,0.005
1,0,1,1,0,0,0,0,0,0,0,1,0,0,0,0,0,0.742,0.743,0.743,0.001,0.001
1,1,0,1,0,1,1,0,0,0,0,0,0,0,0,0,0,0.206,0.196,0.196,0.01,0.01
0,0,0,0,0,0,0,0,0,0,0,0,0,0,0,0,0,0.502,0.496,0.496,0.006,0.006
0,0,0,1,0,0,0,0,0,0,0,0,0,0,0,0,0,0.438,0.444,0.444,0.006,0.006
0,0,0,1,0,0,0,1,0,0,0,0,0,0,0,1,0,0.571,0.564,0.532,0.039,0.007
0,0,0,1,0,0,0,0,0,0,0,0,0,0,0,0,0,0.441,0.444,0.444,0.003,0.003
1,1,0,1,1,1,1,0,0,0,0,0,0,0,0,0,0,0.219,0.22,0.22,0.001,0.001
1,1,0,0,1,1,1,0,0,0,0,0,0,0,0,0,0,0.27,0.272,0.272,0.002,0.002
0,0,1,0,0,0,0,0,0,0,0,1,0,0,0,0,0,0.75,0.756,0.756,0.006,0.006
0,0,1,1,0,0,0,0,0,0,0,1,0,0,0,0,0,0.707,0.704,0.704,0.003,0.003
0,1,0,1,1,0,0,0,0,0,0,0,0,0,0,0,0,0.205,0.198,0.198,0.007,0.007
1,0,1,0,0,0,0,0,0,0,0,1,0,0,0,0,0,0.802,0.795,0.795,0.007,0.007
0,1,0,0,0,0,0,0,0,0,0,0,0,0,0,0,0,0.227,0.226,0.226,0.001,0.001
0,1,0,1,1,0,1,1,0,0,0,0,0,1,0,1,0,0.279,0.286,0.213,0.066,0.007
1,1,1,1,0,0,0,0,0,1,0,1,0,0,0,0,0,0.451,0.458,0.458,0.007,0.007
1,0,0,1,0,1,0,0,0,0,0,0,0,0,0,0,0,0.488,0.498,0.498,0.01,0.01
1,0,0,0,0,0,0,0,0,0,0,0,0,0,0,0,0,0.543,0.535,0.535,0.008,0.008
0,0,1,0,0,0,0,0,0,0,0,1,0,0,0,0,0,0.76,0.756,0.756,0.004,0.004
0,1,0,0,0,0,1,0,0,0,0,0,0,0,0,0,0,0.187,0.194,0.194,0.007,0.007
0,1,0,1,1,0,1,1,0,0,0,0,0,1,0,1,0,0.278,0.286,0.213,0.065,0.008
1,1,0,0,1,1,1,0,0,0,0,0,0,0,0,0,0,0.263,0.272,0.272,0.009,0.009
0,0,0,1,0,0,0,0,0,0,0,0,0,0,0,0,0,0.454,0.444,0.444,0.01,0.01
1,1,0,1,1,0,0,0,0,0,0,0,0,0,0,0,0,0.243,0.237,0.237,0.006,0.006
0,1,0,0,0,0,1,0,0,0,0,0,0,0,0,0,0,0.199,0.194,0.194,0.005,0.005
0,0,1,0,0,0,0,0,0,0,0,0,0,0,0,0,0,0.785,0.776,0.776,0.009,0.009
0,1,0,0,1,0,1,0,0,0,0,0,0,0,0,0,0,0.211,0.218,0.218,0.007,0.007
1,1,1,0,1,1,1,0,0,1,0,1,1,0,0,0,0,0.514,0.517,0.497,0.017,0.003
1,0,1,0,0,0,0,0,0,0,0,0,0,0,0,0,0,0.817,0.815,0.815,0.002,0.002
0,0,1,0,0,0,0,0,0,0,0,1,0,0,0,0,0,0.759,0.756,0.756,0.003,0.003
0,1,1,0,1,0,0,0,0,1,0,1,0,0,0,0,0,0.495,0.495,0.495,0,0
0,0,1,1,0,0,0,0,0,0,0,1,0,0,0,0,0,0.696,0.704,0.704,0.008,0.008
0,1,0,0,1,0,0,0,0,0,0,0,0,0,0,0,0,0.248,0.25,0.25,0.002,0.002
1,0,0,1,0,1,0,1,0,0,0,0,0,0,0,1,0,0.627,0.618,0.586,0.041,0.009
1,1,1,0,0,0,0,0,0,1,0,1,0,0,0,0,0,0.519,0.51,0.51,0.009,0.009
0,0,1,0,0,0,0,0,0,0,0,0,0,0,0,0,0,0.774,0.776,0.776,0.002,0.002
1,1,0,1,1,1,1,0,0,0,0,0,0,0,0,0,0,0.217,0.22,0.22,0.003,0.003
1,0,1,0,0,0,0,0,0,0,0,0,0,0,0,0,0,0.808,0.815,0.815,0.007,0.007
0,0,1,1,0,0,0,0,0,0,0,0,0,0,0,0,0,0.727,0.724,0.724,0.003,0.003
1,1,0,1,1,0,0,0,0,0,0,0,0,0,0,0,0,0.229,0.237,0.237,0.008,0.008
0,1,0,1,1,0,1,1,0,0,0,0,0,1,0,1,0,0.276,0.286,0.213,0.063,0.01
0,0,0,0,0,0,0,1,0,0,0,0,0,0,0,0,0,0.615,0.616,0.616,0.001,0.001
1,1,0,1,0,1,1,1,0,0,0,0,0,1,0,1,0,0.306,0.316,0.243,0.063,0.01
1,1,0,0,1,1,1,0,0,0,0,0,0,0,0,0,0,0.267,0.272,0.272,0.005,0.005
0,0,0,1,0,0,0,0,0,0,0,0,0,0,0,0,0,0.435,0.444,0.444,0.009,0.009
1,1,1,0,0,0,0,0,0,1,0,0,0,0,0,0,0,0.527,0.53,0.53,0.003,0.003
1,0,1,0,0,0,0,0,0,0,0,1,0,0,0,0,0,0.804,0.795,0.795,0.009,0.009
1,1,0,1,1,1,1,1,0,0,0,0,0,1,0,1,0,0.336,0.34,0.267,0.069,0.004
1,0,0,0,0,0,0,0,0,0,0,0,0,0,0,0,0,0.533,0.535,0.535,0.002,0.002
1,1,0,0,0,0,0,0,0,0,0,0,0,0,0,0,0,0.27,0.265,0.265,0.005,0.005
0,0,1,1,0,0,0,1,0,0,0,1,0,0,0,1,0,0.825,0.824,0.792,0.033,0.001
1,0,0,1,0,1,0,0,0,0,0,0,0,0,0,0,0,0.504,0.498,0.498,0.006,0.006
0,0,0,1,0,0,0,0,0,0,0,0,0,0,0,0,0,0.446,0.444,0.444,0.002,0.002
0,1,0,1,1,0,0,0,0,0,0,0,0,0,0,0,0,0.192,0.198,0.198,0.006,0.006
1,0,1,0,0,0,0,0,0,0,0,1,0,0,0,0,0,0.803,0.795,0.795,0.008,0.008
0,1,1,1,1,0,1,0,0,1,0,1,0,0,0,0,0,0.417,0.411,0.411,0.006,0.006
0,1,1,0,0,0,0,0,0,1,0,1,0,0,0,0,0,0.461,0.471,0.471,0.01,0.01
1,1,1,0,1,1,1,0,0,1,0,0,1,0,0,0,0,0.539,0.537,0.517,0.022,0.002
1,1,0,1,1,1,1,0,0,0,0,0,0,0,0,0,0,0.213,0.22,0.22,0.007,0.007
0,1,0,0,1,0,1,0,0,0,0,0,0,0,0,0,0,0.228,0.218,0.218,0.01,0.01
0,1,1,1,0,0,1,0,0,1,0,1,0,0,0,0,0,0.389,0.387,0.387,0.002,0.002
1,0,0,1,0,1,0,0,0,0,0,0,0,0,0,0,0,0.505,0.498,0.498,0.007,0.007
0,0,1,0,0,0,0,0,0,0,0,0,0,0,0,0,0,0.776,0.776,0.776,0,0
1,1,0,0,1,1,1,0,0,0,0,0,0,0,0,0,0,0.273,0.272,0.272,0.001,0.001
0,0,1,1,0,0,0,1,0,0,0,0,0,0,0,1,0,0.838,0.844,0.812,0.026,0.006
0,0,1,1,0,0,0,0,0,0,0,0,0,0,0,0,0,0.728,0.724,0.724,0.004,0.004
1,0,0,0,0,0,0,0,0,0,0,0,0,0,0,0,0,0.526,0.535,0.535,0.009,0.009
1,1,0,0,0,1,1,0,0,0,0,0,0,0,0,0,0,0.242,0.248,0.248,0.006,0.006
0,1,0,1,0,0,0,0,0,0,0,0,0,0,0,0,0,0.175,0.174,0.174,0.001,0.001
1,0,0,1,0,1,0,0,0,0,0,0,0,0,0,0,0,0.5,0.498,0.498,0.002,0.002
1,0,1,0,0,0,0,0,0,0,0,0,0,0,0,0,0,0.824,0.815,0.815,0.009,0.009
1,1,0,1,0,0,0,0,0,0,0,0,0,0,0,0,0,0.22,0.213,0.213,0.007,0.007
1,1,0,1,0,1,1,0,0,0,0,0,0,0,0,0,0,0.203,0.196,0.196,0.007,0.007
1,1,1,1,1,1,1,1,0,1,0,1,1,1,0,1,0,0.594,0.585,0.492,0.102,0.009
0,0,0,0,0,0,0,1,0,0,0,0,0,0,0,0,0,0.614,0.616,0.616,0.002,0.002
1,0,0,0,0,1,0,0,0,0,0,0,0,0,0,0,0,0.543,0.55,0.55,0.007,0.007
1,0,1,1,0,0,0,0,0,0,0,1,0,0,0,0,0,0.735,0.743,0.743,0.008,0.008
0,0,1,1,0,0,0,0,0,0,0,1,0,0,0,0,0,0.7,0.704,0.704,0.004,0.004
0,1,1,1,0,0,0,0,0,1,0,1,0,0,0,0,0,0.42,0.419,0.419,0.001,0.001
1,1,0,1,0,1,1,1,0,0,0,0,0,1,0,1,0,0.322,0.316,0.243,0.079,0.006
0,0,0,0,0,0,0,0,0,0,0,0,0,0,0,0,0,0.49,0.496,0.496,0.006,0.006
0,1,1,0,1,0,0,0,0,1,0,1,0,0,0,0,0,0.498,0.495,0.495,0.003,0.003
0,1,0,0,1,0,1,0,0,0,0,0,0,0,0,0,0,0.217,0.218,0.218,0.001,0.001
1,0,1,0,0,0,0,0,0,0,0,1,0,0,0,0,0,0.785,0.795,0.795,0.01,0.01
0,0,0,0,0,0,0,1,0,0,0,0,0,0,0,0,0,0.613,0.616,0.616,0.003,0.003
1,1,1,1,1,1,1,0,0,1,0,1,1,0,0,0,0,0.458,0.465,0.445,0.013,0.007
0,0,1,1,0,0,0,0,0,0,0,1,0,0,0,0,0,0.694,0.704,0.704,0.01,0.01
1,1,0,1,1,0,0,0,0,0,0,0,0,0,0,0,0,0.237,0.237,0.237,0,0
0,1,1,0,0,0,1,0,0,1,0,0,0,0,0,0,0,0.459,0.459,0.459,0,0
1,0,0,0,0,1,0,0,0,0,0,0,0,0,0,0,0,0.547,0.55,0.55,0.003,0.003
1,0,0,0,0,1,0,1,0,0,0,0,0,0,0,0,0,0.672,0.67,0.67,0.002,0.002
1,0,1,0,0,0,0,0,0,0,0,1,0,0,0,0,0,0.801,0.795,0.795,0.006,0.006
1,0,0,0,0,0,0,0,0,0,0,0,0,0,0,0,0,0.533,0.535,0.535,0.002,0.002
1,1,1,1,0,1,1,0,0,1,0,1,1,0,0,0,0,0.442,0.441,0.421,0.021,0.001
0,0,1,0,0,0,0,0,0,0,0,1,0,0,0,0,0,0.75,0.756,0.756,0.006,0.006
1,1,0,0,0,1,1,1,0,0,0,0,0,1,0,0,0,0.368,0.368,0.327,0.041,0
1,0,1,0,0,0,0,0,0,0,0,1,0,0,0,0,0,0.801,0.795,0.795,0.006,0.006
1,1,1,0,0,1,1,1,0,1,0,0,1,1,0,0,0,0.643,0.633,0.572,0.071,0.01
0,0,0,1,0,0,0,0,0,0,0,0,0,0,0,0,0,0.451,0.444,0.444,0.007,0.007
0,1,0,1,1,0,1,0,0,0,0,0,0,0,0,0,0,0.175,0.166,0.166,0.009,0.009
1,1,0,1,1,1,1,0,0,0,0,0,0,0,0,0,0,0.22,0.22,0.22,9.99E-16,9.99E-16
1,0,0,0,0,0,0,0,0,0,0,0,0,0,0,0,0,0.531,0.535,0.535,0.004,0.004
1,1,0,1,0,1,1,0,0,0,0,0,0,0,0,0,0,0.202,0.196,0.196,0.006,0.006
1,0,1,0,0,0,0,0,0,0,0,1,0,0,0,0,0,0.803,0.795,0.795,0.008,0.008
1,0,0,1,0,0,0,0,0,0,0,0,0,0,0,0,0,0.492,0.483,0.483,0.009,0.009
0,0,1,1,0,0,0,0,0,0,0,0,0,0,0,0,0,0.726,0.724,0.724,0.002,0.002
0,1,0,1,0,0,0,0,0,0,0,0,0,0,0,0,0,0.17,0.174,0.174,0.004,0.004
1,1,0,1,1,1,1,0,0,0,0,0,0,0,0,0,0,0.216,0.22,0.22,0.004,0.004
0,0,1,0,0,0,0,0,0,0,0,1,0,0,0,0,0,0.76,0.756,0.756,0.004,0.004
1,1,1,1,1,0,0,0,0,1,0,0,0,0,0,0,0,0.496,0.502,0.502,0.006,0.006
1,0,0,0,0,0,0,0,0,0,0,0,0,0,0,0,0,0.533,0.535,0.535,0.002,0.002
1,0,0,1,0,0,0,0,0,0,0,0,0,0,0,0,0,0.492,0.483,0.483,0.009,0.009
0,1,0,0,1,0,0,0,0,0,0,0,0,0,0,0,0,0.241,0.25,0.25,0.009,0.009
0,1,1,1,1,0,1,0,0,1,0,0,0,0,0,0,0,0.436,0.431,0.431,0.005,0.005
1,0,0,0,0,0,0,0,0,0,0,0,0,0,0,0,0,0.541,0.535,0.535,0.006,0.006
1,1,1,0,0,0,0,0,0,1,0,1,0,0,0,0,0,0.509,0.51,0.51,0.001,0.001
0,0,0,1,0,0,0,1,0,0,0,0,0,0,0,1,0,0.566,0.564,0.532,0.034,0.002
0,0,0,1,0,0,0,0,0,0,0,0,0,0,0,0,0,0.447,0.444,0.444,0.003,0.003
0,0,0,1,0,0,0,0,0,0,0,0,0,0,0,0,0,0.445,0.444,0.444,0.001,0.001
1,0,1,1,0,0,0,0,0,0,0,1,0,0,0,0,0,0.746,0.743,0.743,0.003,0.003
0,1,0,1,1,0,1,0,0,0,0,0,0,0,0,0,0,0.176,0.166,0.166,0.01,0.01
1,0,0,0,0,0,0,0,0,0,0,0,0,0,0,0,0,0.538,0.535,0.535,0.003,0.003
0,1,1,0,1,0,1,0,0,1,0,1,0,0,0,0,0,0.463,0.463,0.463,0,0
0,0,1,1,0,0,0,1,0,0,0,1,0,0,0,1,0,0.821,0.824,0.792,0.029,0.003
0,0,1,1,0,0,0,1,0,0,0,1,0,0,0,1,0,0.834,0.824,0.792,0.042,0.01
1,1,0,1,0,1,1,0,0,0,0,0,0,0,0,0,0,0.204,0.196,0.196,0.008,0.008
1,0,1,1,0,0,0,0,0,0,0,1,0,0,0,0,0,0.749,0.743,0.743,0.006,0.006
0,0,0,0,0,0,0,0,0,0,0,0,0,0,0,0,0,0.489,0.496,0.496,0.007,0.007
0,1,0,0,0,0,1,0,0,0,0,0,0,0,0,0,0,0.192,0.194,0.194,0.002,0.002
1,0,1,1,0,0,0,0,0,0,0,1,0,0,0,0,0,0.747,0.743,0.743,0.004,0.004
1,0,1,1,0,0,0,0,0,0,0,1,0,0,0,0,0,0.735,0.743,0.743,0.008,0.008
1,1,1,0,1,0,0,0,0,1,0,0,0,0,0,0,0,0.549,0.554,0.554,0.005,0.005
0,1,1,1,1,0,1,0,0,1,0,0,0,0,0,0,0,0.435,0.431,0.431,0.004,0.004
1,0,0,0,0,0,0,0,0,0,0,0,0,0,0,0,0,0.543,0.535,0.535,0.008,0.008
1,0,1,0,0,0,0,0,0,0,0,0,0,0,0,0,0,0.816,0.815,0.815,0.001,0.001
0,1,0,0,0,0,1,1,0,0,0,0,0,1,0,0,0,0.318,0.314,0.273,0.045,0.004
0,1,1,1,0,0,0,0,0,1,0,0,0,0,0,0,0,0.434,0.439,0.439,0.005,0.005
0,0,0,1,0,0,0,0,0,0,0,0,0,0,0,0,0,0.45,0.444,0.444,0.006,0.006
0,0,1,1,0,0,0,1,0,0,0,0,0,0,0,1,0,0.843,0.844,0.812,0.031,0.001
0,0,1,0,0,0,0,0,0,0,0,1,0,0,0,0,0,0.748,0.756,0.756,0.008,0.008
0,0,1,1,0,0,0,0,0,0,0,1,0,0,0,0,0,0.711,0.704,0.704,0.007,0.007
0,1,1,1,0,0,1,1,0,1,0,1,0,1,0,1,0,0.5,0.507,0.434,0.066,0.007
0,0,1,1,0,0,0,0,0,0,0,0,0,0,0,0,0,0.722,0.724,0.724,0.002,0.002
1,0,1,0,0,0,0,0,0,0,0,0,0,0,0,0,0,0.809,0.815,0.815,0.006,0.006
1,0,0,1,0,0,0,0,0,0,0,0,0,0,0,0,0,0.486,0.483,0.483,0.003,0.003
0,1,1,1,0,0,1,1,0,1,0,0,0,1,0,1,0,0.525,0.527,0.454,0.071,0.002
0,0,0,1,0,0,0,0,0,0,0,0,0,0,0,0,0,0.449,0.444,0.444,0.005,0.005
0,0,0,0,0,0,0,0,0,0,0,0,0,0,0,0,0,0.502,0.496,0.496,0.006,0.006
0,1,1,1,1,0,0,0,0,1,0,0,0,0,0,0,0,0.46,0.463,0.463,0.003,0.003
1,1,1,0,1,0,0,0,0,1,0,0,0,0,0,0,0,0.557,0.554,0.554,0.003,0.003
1,0,0,0,0,0,0,0,0,0,0,0,0,0,0,0,0,0.539,0.535,0.535,0.004,0.004
1,1,1,1,1,0,0,0,0,1,0,0,0,0,0,0,0,0.504,0.502,0.502,0.002,0.002
1,1,1,0,1,1,1,0,0,1,0,1,1,0,0,0,0,0.515,0.517,0.497,0.018,0.002
1,1,1,1,1,0,0,0,0,1,0,0,0,0,0,0,0,0.493,0.502,0.502,0.009,0.009
0,0,0,0,0,0,0,0,0,0,0,0,0,0,0,0,0,0.492,0.496,0.496,0.004,0.004
0,0,0,0,0,0,0,0,0,0,0,0,0,0,0,0,0,0.497,0.496,0.496,0.001,0.001
0,0,1,1,0,0,0,0,0,0,0,1,0,0,0,0,0,0.699,0.704,0.704,0.005,0.005
1,0,1,0,0,0,0,0,0,0,0,1,0,0,0,0,0,0.793,0.795,0.795,0.002,0.002
0,0,1,1,0,0,0,1,0,0,0,1,0,0,0,1,0,0.826,0.824,0.792,0.034,0.002
0,1,1,0,0,0,1,1,0,1,0,1,0,1,0,0,0,0.563,0.559,0.518,0.045,0.004
1,1,0,1,1,1,1,0,0,0,0,0,0,0,0,0,0,0.216,0.22,0.22,0.004,0.004
1,1,0,1,1,1,1,0,0,0,0,0,0,0,0,0,0,0.219,0.22,0.22,0.001,0.001
0,1,0,1,1,0,1,0,0,0,0,0,0,0,0,0,0,0.156,0.166,0.166,0.01,0.01
0,0,0,1,0,0,0,1,0,0,0,0,0,0,0,1,0,0.559,0.564,0.532,0.027,0.005
1,1,0,1,0,1,1,1,0,0,0,0,0,1,0,1,0,0.307,0.316,0.243,0.064,0.009
1,0,1,0,0,1,0,1,0,0,0,1,1,0,0,0,0,0.934,0.93,0.91,0.024,0.004
0,0,1,1,0,0,0,0,0,0,0,1,0,0,0,0,0,0.709,0.704,0.704,0.005,0.005
0,0,1,1,0,0,0,0,0,0,0,0,0,0,0,0,0,0.73,0.724,0.724,0.006,0.006
1,1,1,1,0,0,0,0,0,1,0,0,0,0,0,0,0,0.472,0.478,0.478,0.006,0.006
0,0,1,1,0,0,0,0,0,0,0,1,0,0,0,0,0,0.705,0.704,0.704,0.001,0.001
0,0,0,0,0,0,0,0,0,0,0,0,0,0,0,0,0,0.486,0.496,0.496,0.01,0.01
0,1,0,0,0,0,1,0,0,0,0,0,0,0,0,0,0,0.192,0.194,0.194,0.002,0.002
1,1,0,1,0,1,1,1,0,0,0,0,0,1,0,1,0,0.311,0.316,0.243,0.068,0.005
0,1,0,1,0,0,1,0,0,0,0,0,0,0,0,0,0,0.14,0.142,0.142,0.002,0.002
0,0,0,0,0,0,0,0,0,0,0,0,0,0,0,0,0,0.497,0.496,0.496,0.001,0.001
1,1,0,1,0,1,1,0,0,0,0,0,0,0,0,0,0,0.2,0.196,0.196,0.004,0.004
1,0,0,1,0,0,0,0,0,0,0,0,0,0,0,0,0,0.489,0.483,0.483,0.006,0.006
0,1,1,1,1,0,1,0,0,1,0,1,0,0,0,0,0,0.414,0.411,0.411,0.003,0.003
0,0,0,0,0,0,0,0,0,0,0,0,0,0,0,0,0,0.502,0.496,0.496,0.006,0.006
1,1,1,0,1,1,1,0,0,1,0,0,1,0,0,0,0,0.527,0.537,0.517,0.01,0.01
1,1,1,1,0,0,0,0,0,1,0,0,0,0,0,0,0,0.474,0.478,0.478,0.004,0.004
1,0,0,0,0,1,0,0,0,0,0,0,0,0,0,0,0,0.558,0.55,0.55,0.008,0.008
1,1,0,0,0,1,1,0,0,0,0,0,0,0,0,0,0,0.245,0.248,0.248,0.003,0.003
0,0,0,1,0,0,0,0,0,0,0,0,0,0,0,0,0,0.451,0.444,0.444,0.007,0.007
0,1,1,1,0,0,0,0,0,1,0,0,0,0,0,0,0,0.446,0.439,0.439,0.007,0.007
0,0,1,0,0,0,0,1,0,0,0,1,0,0,0,0,0,0.869,0.876,0.876,0.007,0.007
0,0,1,0,0,0,0,0,0,0,0,1,0,0,0,0,0,0.764,0.756,0.756,0.008,0.008
1,1,1,1,0,1,1,1,0,1,0,1,1,1,0,1,0,0.552,0.561,0.468,0.084,0.009
1,0,1,1,0,0,0,0,0,0,0,1,0,0,0,0,0,0.744,0.743,0.743,0.001,0.001
0,1,0,0,1,0,1,0,0,0,0,0,0,0,0,0,0,0.213,0.218,0.218,0.005,0.005
0,0,0,1,0,0,0,0,0,0,0,0,0,0,0,0,0,0.44,0.444,0.444,0.004,0.004
1,1,1,1,0,0,0,0,0,1,0,1,0,0,0,0,0,0.465,0.458,0.458,0.007,0.007
0,0,0,1,0,0,0,0,0,0,0,0,0,0,0,0,0,0.441,0.444,0.444,0.003,0.003
0,1,0,0,0,0,0,0,0,0,0,0,0,0,0,0,0,0.218,0.226,0.226,0.008,0.008
1,0,0,0,0,1,0,1,0,0,0,0,0,0,0,0,0,0.669,0.67,0.67,0.001,0.001
1,1,0,0,0,1,1,0,0,0,0,0,0,0,0,0,0,0.25,0.248,0.248,0.002,0.002
0,0,0,0,0,0,0,0,0,0,0,0,0,0,0,0,0,0.496,0.496,0.496,0,0
1,1,1,0,0,1,1,0,0,1,0,0,1,0,0,0,0,0.503,0.513,0.493,0.01,0.01
0,1,0,0,0,0,1,0,0,0,0,0,0,0,0,0,0,0.203,0.194,0.194,0.009,0.009
0,0,1,1,0,0,0,0,0,0,0,0,0,0,0,0,0,0.731,0.724,0.724,0.007,0.007
1,1,1,1,0,1,1,1,0,1,0,1,1,1,0,1,0,0.558,0.561,0.468,0.09,0.003
0,0,0,0,0,0,0,0,0,0,0,0,0,0,0,0,0,0.491,0.496,0.496,0.005,0.005
0,1,0,0,1,0,1,0,0,0,0,0,0,0,0,0,0,0.213,0.218,0.218,0.005,0.005
0,0,0,0,0,0,0,0,0,0,0,0,0,0,0,0,0,0.496,0.496,0.496,0,0
0,1,0,1,1,0,0,0,0,0,0,0,0,0,0,0,0,0.207,0.198,0.198,0.009,0.009
0,0,0,0,0,0,0,0,0,0,0,0,0,0,0,0,0,0.487,0.496,0.496,0.009,0.009
0,1,1,0,1,0,0,0,0,1,0,1,0,0,0,0,0,0.49,0.495,0.495,0.005,0.005
1,1,1,1,0,1,1,1,0,1,0,0,1,1,0,1,0,0.59,0.581,0.488,0.102,0.009
1,0,1,0,0,1,0,0,0,0,0,1,1,0,0,0,0,0.805,0.81,0.79,0.015,0.005
1,1,1,1,1,1,1,0,0,1,0,0,1,0,0,0,0,0.475,0.485,0.465,0.01,0.01
0,1,0,0,0,0,1,0,0,0,0,0,0,0,0,0,0,0.188,0.194,0.194,0.006,0.006
1,0,0,1,0,0,0,0,0,0,0,0,0,0,0,0,0,0.484,0.483,0.483,0.001,0.001
0,1,1,1,1,0,1,0,0,1,0,0,0,0,0,0,0,0.437,0.431,0.431,0.006,0.006
0,1,1,1,1,0,1,1,0,1,0,0,0,1,0,1,0,0.548,0.551,0.478,0.07,0.003
0,0,1,1,0,0,0,0,0,0,0,0,0,0,0,0,0,0.717,0.724,0.724,0.007,0.007
1,0,1,0,0,0,0,0,0,0,0,1,0,0,0,0,0,0.799,0.795,0.795,0.004,0.004
1,0,0,1,0,1,0,1,0,0,0,0,0,0,0,1,0,0.616,0.618,0.586,0.03,0.002
1,1,0,1,0,1,1,0,0,0,0,0,0,0,0,0,0,0.186,0.196,0.196,0.01,0.01
0,1,0,1,1,0,1,1,0,0,0,0,0,1,0,1,0,0.279,0.286,0.213,0.066,0.007
1,0,0,0,0,1,0,0,0,0,0,0,0,0,0,0,0,0.55,0.55,0.55,0,0
0,1,1,0,0,0,0,0,0,1,0,0,0,0,0,0,0,0.5,0.491,0.491,0.009,0.009
0,1,1,1,1,0,1,1,0,1,0,1,0,1,0,1,0,0.539,0.531,0.458,0.081,0.008
1,0,1,1,0,1,0,1,0,0,0,0,1,0,0,1,0,0.888,0.898,0.846,0.042,0.01
1,1,1,0,0,1,1,0,0,1,0,1,1,0,0,0,0,0.492,0.493,0.473,0.019,0.001
1,1,0,1,1,1,1,0,0,0,0,0,0,0,0,0,0,0.217,0.22,0.22,0.003,0.003
0,1,0,0,1,0,1,0,0,0,0,0,0,0,0,0,0,0.217,0.218,0.218,0.001,0.001
0,0,1,1,0,0,0,0,0,0,0,0,0,0,0,0,0,0.721,0.724,0.724,0.003,0.003
1,0,1,1,0,0,0,0,0,0,0,0,0,0,0,0,0,0.759,0.763,0.763,0.004,0.004
1,1,0,0,0,1,1,0,0,0,0,0,0,0,0,0,0,0.258,0.248,0.248,0.01,0.01
0,0,0,0,0,0,0,1,0,0,0,0,0,0,0,0,0,0.608,0.616,0.616,0.008,0.008
1,1,1,0,1,0,0,0,0,1,0,0,0,0,0,0,0,0.546,0.554,0.554,0.008,0.008
1,0,0,0,0,1,0,0,0,0,0,0,0,0,0,0,0,0.546,0.55,0.55,0.004,0.004
1,0,0,1,0,0,0,0,0,0,0,0,0,0,0,0,0,0.478,0.483,0.483,0.005,0.005
0,1,1,1,0,0,1,1,0,1,0,0,0,1,0,1,0,0.521,0.527,0.454,0.067,0.006
1,0,1,0,0,0,0,0,0,0,0,1,0,0,0,0,0,0.802,0.795,0.795,0.007,0.007
1,0,1,0,0,0,0,0,0,0,0,0,0,0,0,0,0,0.824,0.815,0.815,0.009,0.009
1,1,1,0,0,1,1,0,0,1,0,1,1,0,0,0,0,0.488,0.493,0.473,0.015,0.005
0,1,1,0,1,0,1,0,0,1,0,1,0,0,0,0,0,0.469,0.463,0.463,0.006,0.006
0,0,1,0,0,0,0,0,0,0,0,0,0,0,0,0,0,0.779,0.776,0.776,0.003,0.003
1,0,1,1,0,0,0,0,0,0,0,1,0,0,0,0,0,0.746,0.743,0.743,0.003,0.003
1,1,0,0,0,1,1,0,0,0,0,0,0,0,0,0,0,0.244,0.248,0.248,0.004,0.004
0,0,1,0,0,0,0,1,0,0,0,1,0,0,0,0,0,0.868,0.876,0.876,0.008,0.008
1,1,0,1,1,0,0,0,0,0,0,0,0,0,0,0,0,0.235,0.237,0.237,0.002,0.002
0,0,0,1,0,0,0,0,0,0,0,0,0,0,0,0,0,0.437,0.444,0.444,0.007,0.007
1,1,0,0,1,0,0,0,0,0,0,0,0,0,0,0,0,0.284,0.289,0.289,0.005,0.005
0,0,1,1,0,0,0,1,0,0,0,0,0,0,0,1,0,0.842,0.844,0.812,0.03,0.002
1,1,1,0,0,0,0,0,0,1,0,1,0,0,0,0,0,0.51,0.51,0.51,0,0
0,0,1,0,0,0,0,0,0,0,0,0,0,0,0,0,0,0.784,0.776,0.776,0.008,0.008
0,1,1,1,1,0,1,0,0,1,0,1,0,0,0,0,0,0.418,0.411,0.411,0.007,0.007
0,0,0,1,0,0,0,0,0,0,0,0,0,0,0,0,0,0.444,0.444,0.444,0,0
1,0,1,1,0,0,0,0,0,0,0,1,0,0,0,0,0,0.733,0.743,0.743,0.01,0.01
1,0,0,0,0,0,0,0,0,0,0,0,0,0,0,0,0,0.535,0.535,0.535,0,0
0,0,1,1,0,0,0,0,0,0,0,1,0,0,0,0,0,0.694,0.704,0.704,0.01,0.01
1,1,1,0,1,0,0,0,0,1,0,1,0,0,0,0,0,0.536,0.534,0.534,0.002,0.002
1,1,0,1,1,1,1,0,0,0,0,0,0,0,0,0,0,0.221,0.22,0.22,0.001,0.001
1,1,1,0,1,1,1,0,0,1,0,0,1,0,0,0,0,0.542,0.537,0.517,0.025,0.005
1,1,0,0,0,1,1,0,0,0,0,0,0,0,0,0,0,0.244,0.248,0.248,0.004,0.004
0,1,0,1,0,0,0,0,0,0,0,0,0,0,0,0,0,0.181,0.174,0.174,0.007,0.007
0,0,1,1,0,0,0,0,0,0,0,1,0,0,0,0,0,0.702,0.704,0.704,0.002,0.002
1,0,0,0,0,0,0,0,0,0,0,0,0,0,0,0,0,0.545,0.535,0.535,0.01,0.01
1,0,0,0,0,1,0,0,0,0,0,0,0,0,0,0,0,0.548,0.55,0.55,0.002,0.002
1,0,0,0,0,1,0,0,0,0,0,0,0,0,0,0,0,0.546,0.55,0.55,0.004,0.004
1,1,1,0,0,1,1,0,0,1,0,1,1,0,0,0,0,0.488,0.493,0.473,0.015,0.005
0,0,0,1,0,0,0,0,0,0,0,0,0,0,0,0,0,0.448,0.444,0.444,0.004,0.004
0,1,0,0,1,0,1,0,0,0,0,0,0,0,0,0,0,0.222,0.218,0.218,0.004,0.004
0,0,0,1,0,0,0,1,0,0,0,0,0,0,0,1,0,0.567,0.564,0.532,0.035,0.003
0,1,1,0,0,0,1,0,0,1,0,0,0,0,0,0,0,0.459,0.459,0.459,0,0
0,1,1,1,1,0,1,0,0,1,0,1,0,0,0,0,0,0.407,0.411,0.411,0.004,0.004
0,1,1,0,0,0,0,0,0,1,0,0,0,0,0,0,0,0.49,0.491,0.491,0.001,0.001
1,1,0,0,1,1,1,0,0,0,0,0,0,0,0,0,0,0.271,0.272,0.272,0.001,0.001
0,0,1,0,0,0,0,0,0,0,0,1,0,0,0,0,0,0.754,0.756,0.756,0.002,0.002
1,0,1,0,0,1,0,1,0,0,0,1,1,0,0,0,0,0.94,0.93,0.91,0.03,0.01
1,0,0,1,0,0,0,0,0,0,0,0,0,0,0,0,0,0.475,0.483,0.483,0.008,0.008
0,0,1,1,0,0,0,0,0,0,0,1,0,0,0,0,0,0.698,0.704,0.704,0.006,0.006
1,1,1,1,1,1,1,1,0,1,0,1,1,1,0,1,0,0.588,0.585,0.492,0.096,0.003
1,1,0,1,1,1,1,1,0,0,0,0,0,1,0,1,0,0.337,0.34,0.267,0.07,0.003
1,0,1,1,0,0,0,0,0,0,0,1,0,0,0,0,0,0.742,0.743,0.743,0.001,0.001
1,1,0,1,0,0,0,0,0,0,0,0,0,0,0,0,0,0.212,0.213,0.213,0.001,0.001
1,0,1,0,0,1,0,0,0,0,0,0,1,0,0,0,0,0.829,0.83,0.81,0.019,0.001
0,0,0,0,0,0,0,0,0,0,0,0,0,0,0,0,0,0.491,0.496,0.496,0.005,0.005
1,0,1,1,0,0,0,0,0,0,0,0,0,0,0,0,0,0.766,0.763,0.763,0.003,0.003
0,0,0,1,0,0,0,1,0,0,0,0,0,0,0,1,0,0.554,0.564,0.532,0.022,0.01
1,0,0,1,0,0,0,0,0,0,0,0,0,0,0,0,0,0.478,0.483,0.483,0.005,0.005
1,0,1,0,0,1,0,0,0,0,0,0,1,0,0,0,0,0.831,0.83,0.81,0.021,0.001
0,0,0,1,0,0,0,0,0,0,0,0,0,0,0,0,0,0.435,0.444,0.444,0.009,0.009
0,0,1,1,0,0,0,0,0,0,0,0,0,0,0,0,0,0.732,0.724,0.724,0.008,0.008
0,0,1,1,0,0,0,0,0,0,0,0,0,0,0,0,0,0.721,0.724,0.724,0.003,0.003
0,1,1,1,0,0,1,0,0,1,0,0,0,0,0,0,0,0.406,0.407,0.407,0.001,0.001
0,0,1,0,0,0,0,0,0,0,0,0,0,0,0,0,0,0.775,0.776,0.776,0.001,0.001
1,0,1,1,0,0,0,0,0,0,0,0,0,0,0,0,0,0.761,0.763,0.763,0.002,0.002
0,1,0,1,1,0,1,0,0,0,0,0,0,0,0,0,0,0.175,0.166,0.166,0.009,0.009
0,1,0,0,1,0,0,0,0,0,0,0,0,0,0,0,0,0.251,0.25,0.25,0.001,0.001
0,0,1,1,0,0,0,0,0,0,0,1,0,0,0,0,0,0.712,0.704,0.704,0.008,0.008
0,0,1,1,0,0,0,0,0,0,0,1,0,0,0,0,0,0.714,0.704,0.704,0.01,0.01
1,1,0,1,0,1,1,0,0,0,0,0,0,0,0,0,0,0.191,0.196,0.196,0.005,0.005
0,0,0,1,0,0,0,0,0,0,0,0,0,0,0,0,0,0.443,0.444,0.444,0.001,0.001
0,0,1,1,0,0,0,0,0,0,0,1,0,0,0,0,0,0.704,0.704,0.704,0,0
1,0,1,1,0,0,0,0,0,0,0,1,0,0,0,0,0,0.75,0.743,0.743,0.007,0.007
0,0,0,0,0,0,0,0,0,0,0,0,0,0,0,0,0,0.492,0.496,0.496,0.004,0.004
0,0,1,0,0,0,0,0,0,0,0,0,0,0,0,0,0,0.783,0.776,0.776,0.007,0.007
0,1,1,1,0,0,1,0,0,1,0,1,0,0,0,0,0,0.379,0.387,0.387,0.008,0.008
1,0,0,0,0,1,0,1,0,0,0,0,0,0,0,0,0,0.671,0.67,0.67,0.001,0.001
1,0,0,0,0,0,0,0,0,0,0,0,0,0,0,0,0,0.537,0.535,0.535,0.002,0.002
1,0,0,1,0,1,0,0,0,0,0,0,0,0,0,0,0,0.495,0.498,0.498,0.003,0.003
1,0,1,0,0,0,0,0,0,0,0,0,0,0,0,0,0,0.817,0.815,0.815,0.002,0.002
0,0,1,0,0,0,0,0,0,0,0,0,0,0,0,0,0,0.778,0.776,0.776,0.002,0.002
1,0,1,0,0,0,0,0,0,0,0,1,0,0,0,0,0,0.792,0.795,0.795,0.003,0.003
0,0,0,0,0,0,0,0,0,0,0,0,0,0,0,0,0,0.492,0.496,0.496,0.004,0.004
0,0,1,0,0,0,0,0,0,0,0,1,0,0,0,0,0,0.756,0.756,0.756,0,0
0,0,0,0,0,0,0,0,0,0,0,0,0,0,0,0,0,0.486,0.496,0.496,0.01,0.01
1,1,0,1,1,0,0,0,0,0,0,0,0,0,0,0,0,0.227,0.237,0.237,0.01,0.01
0,0,1,0,0,0,0,0,0,0,0,1,0,0,0,0,0,0.762,0.756,0.756,0.006,0.006
0,1,1,1,1,0,0,0,0,1,0,1,0,0,0,0,0,0.435,0.443,0.443,0.008,0.008
1,1,0,1,0,1,1,1,0,0,0,0,0,1,0,1,0,0.312,0.316,0.243,0.069,0.004
0,0,0,0,0,0,0,0,0,0,0,0,0,0,0,0,0,0.493,0.496,0.496,0.003,0.003
0,1,0,0,0,0,0,0,0,0,0,0,0,0,0,0,0,0.229,0.226,0.226,0.003,0.003
1,0,0,0,0,1,0,0,0,0,0,0,0,0,0,0,0,0.559,0.55,0.55,0.009,0.009
0,0,0,1,0,0,0,1,0,0,0,0,0,0,0,1,0,0.555,0.564,0.532,0.023,0.009
1,0,0,0,0,1,0,0,0,0,0,0,0,0,0,0,0,0.555,0.55,0.55,0.005,0.005
1,0,0,1,0,1,0,0,0,0,0,0,0,0,0,0,0,0.501,0.498,0.498,0.003,0.003
0,1,1,0,0,0,0,0,0,1,0,0,0,0,0,0,0,0.494,0.491,0.491,0.003,0.003
1,0,1,1,0,0,0,0,0,0,0,1,0,0,0,0,0,0.747,0.743,0.743,0.004,0.004
0,1,1,0,1,0,1,0,0,1,0,0,0,0,0,0,0,0.491,0.483,0.483,0.008,0.008
0,1,1,1,1,0,1,1,0,1,0,0,0,1,0,1,0,0.561,0.551,0.478,0.083,0.01
0,1,0,1,1,0,0,0,0,0,0,0,0,0,0,0,0,0.196,0.198,0.198,0.002,0.002
1,0,0,0,0,0,0,0,0,0,0,0,0,0,0,0,0,0.54,0.535,0.535,0.005,0.005
1,1,1,0,0,0,0,0,0,1,0,0,0,0,0,0,0,0.536,0.53,0.53,0.006,0.006
1,1,1,0,0,0,0,0,0,1,0,1,0,0,0,0,0,0.52,0.51,0.51,0.01,0.01
1,1,0,1,1,0,0,0,0,0,0,0,0,0,0,0,0,0.246,0.237,0.237,0.009,0.009
0,1,0,0,0,0,1,0,0,0,0,0,0,0,0,0,0,0.194,0.194,0.194,9.99E-16,9.99E-16
1,1,0,0,1,0,0,0,0,0,0,0,0,0,0,0,0,0.29,0.289,0.289,0.001,0.001
1,1,0,0,0,1,1,0,0,0,0,0,0,0,0,0,0,0.243,0.248,0.248,0.005,0.005
0,1,0,0,1,0,0,0,0,0,0,0,0,0,0,0,0,0.247,0.25,0.25,0.003,0.003
0,0,0,1,0,0,0,0,0,0,0,0,0,0,0,0,0,0.436,0.444,0.444,0.008,0.008
1,0,0,0,0,1,0,1,0,0,0,0,0,0,0,0,0,0.668,0.67,0.67,0.002,0.002
0,0,0,1,0,0,0,0,0,0,0,0,0,0,0,0,0,0.446,0.444,0.444,0.002,0.002
1,0,0,0,0,0,0,0,0,0,0,0,0,0,0,0,0,0.529,0.535,0.535,0.006,0.006
0,1,0,0,1,0,1,0,0,0,0,0,0,0,0,0,0,0.217,0.218,0.218,0.001,0.001
1,0,0,1,0,0,0,0,0,0,0,0,0,0,0,0,0,0.475,0.483,0.483,0.008,0.008
1,0,1,0,0,1,0,0,0,0,0,0,1,0,0,0,0,0.838,0.83,0.81,0.028,0.008
0,1,1,1,0,0,1,1,0,1,0,0,0,1,0,1,0,0.525,0.527,0.454,0.071,0.002
1,1,1,1,0,1,1,1,0,1,0,1,1,1,0,1,0,0.56,0.561,0.468,0.092,0.001
0,0,1,0,0,0,0,0,0,0,0,0,0,0,0,0,0,0.772,0.776,0.776,0.004,0.004
0,0,0,1,0,0,0,0,0,0,0,0,0,0,0,0,0,0.449,0.444,0.444,0.005,0.005
0,0,0,0,0,0,0,0,0,0,0,0,0,0,0,0,0,0.494,0.496,0.496,0.002,0.002
0,1,0,0,1,0,0,0,0,0,0,0,0,0,0,0,0,0.246,0.25,0.25,0.004,0.004
0,0,1,0,0,0,0,0,0,0,0,1,0,0,0,0,0,0.746,0.756,0.756,0.01,0.01
0,1,0,0,0,0,1,0,0,0,0,0,0,0,0,0,0,0.189,0.194,0.194,0.005,0.005
1,0,1,0,0,0,0,0,0,0,0,1,0,0,0,0,0,0.788,0.795,0.795,0.007,0.007
0,1,1,0,1,0,1,0,0,1,0,1,0,0,0,0,0,0.466,0.463,0.463,0.003,0.003
1,0,0,0,0,0,0,0,0,0,0,0,0,0,0,0,0,0.532,0.535,0.535,0.003,0.003
1,0,0,1,0,1,0,0,0,0,0,0,0,0,0,0,0,0.492,0.498,0.498,0.006,0.006
1,0,0,0,0,0,0,0,0,0,0,0,0,0,0,0,0,0.543,0.535,0.535,0.008,0.008
0,0,1,1,0,0,0,0,0,0,0,0,0,0,0,0,0,0.733,0.724,0.724,0.009,0.009
1,0,0,0,0,1,0,1,0,0,0,0,0,0,0,0,0,0.678,0.67,0.67,0.008,0.008
1,1,0,1,1,0,0,0,0,0,0,0,0,0,0,0,0,0.23,0.237,0.237,0.007,0.007
1,0,0,0,0,1,0,0,0,0,0,0,0,0,0,0,0,0.547,0.55,0.55,0.003,0.003
1,1,1,1,0,1,1,0,0,1,0,1,1,0,0,0,0,0.435,0.441,0.421,0.014,0.006
1,0,0,0,0,1,0,0,0,0,0,0,0,0,0,0,0,0.547,0.55,0.55,0.003,0.003
0,0,1,0,0,0,0,1,0,0,0,1,0,0,0,0,0,0.88,0.876,0.876,0.004,0.004
1,0,1,0,0,1,0,1,0,0,0,1,1,0,0,0,0,0.92,0.93,0.91,0.01,0.01
1,0,0,1,0,1,0,0,0,0,0,0,0,0,0,0,0,0.507,0.498,0.498,0.009,0.009
0,0,0,0,0,0,0,0,0,0,0,0,0,0,0,0,0,0.486,0.496,0.496,0.01,0.01
1,0,0,0,0,0,0,0,0,0,0,0,0,0,0,0,0,0.533,0.535,0.535,0.002,0.002
1,1,1,0,0,1,1,0,0,1,0,0,1,0,0,0,0,0.51,0.513,0.493,0.017,0.003
1,1,0,0,0,0,0,0,0,0,0,0,0,0,0,0,0,0.258,0.265,0.265,0.007,0.007
0,0,0,1,0,0,0,0,0,0,0,0,0,0,0,0,0,0.447,0.444,0.444,0.003,0.003
0,0,1,0,0,0,0,0,0,0,0,0,0,0,0,0,0,0.779,0.776,0.776,0.003,0.003
1,0,1,0,0,0,0,0,0,0,0,0,0,0,0,0,0,0.817,0.815,0.815,0.002,0.002
0,1,0,1,1,0,0,0,0,0,0,0,0,0,0,0,0,0.198,0.198,0.198,0,0
0,1,1,0,1,0,0,0,0,1,0,0,0,0,0,0,0,0.522,0.515,0.515,0.007,0.007
1,0,1,0,0,1,0,1,0,0,0,1,1,0,0,0,0,0.924,0.93,0.91,0.014,0.006
0,0,0,0,0,0,0,0,0,0,0,0,0,0,0,0,0,0.486,0.496,0.496,0.01,0.01
1,1,1,0,1,1,1,1,0,1,0,1,1,1,0,0,0,0.635,0.637,0.576,0.059,0.002
1,1,0,1,1,0,0,0,0,0,0,0,0,0,0,0,0,0.244,0.237,0.237,0.007,0.007
0,0,1,1,0,0,0,0,0,0,0,1,0,0,0,0,0,0.697,0.704,0.704,0.007,0.007
1,1,0,1,1,1,1,0,0,0,0,0,0,0,0,0,0,0.22,0.22,0.22,9.99E-16,9.99E-16
0,0,0,0,0,0,0,0,0,0,0,0,0,0,0,0,0,0.494,0.496,0.496,0.002,0.002
1,0,0,0,0,0,0,0,0,0,0,0,0,0,0,0,0,0.534,0.535,0.535,0.001,0.001
1,0,0,1,0,0,0,0,0,0,0,0,0,0,0,0,0,0.492,0.483,0.483,0.009,0.009
1,0,0,0,0,1,0,0,0,0,0,0,0,0,0,0,0,0.557,0.55,0.55,0.007,0.007
1,0,0,1,0,1,0,0,0,0,0,0,0,0,0,0,0,0.499,0.498,0.498,0.001,0.001
0,1,1,1,1,0,1,1,0,1,0,0,0,1,0,1,0,0.554,0.551,0.478,0.076,0.003
0,0,1,0,0,0,0,0,0,0,0,1,0,0,0,0,0,0.751,0.756,0.756,0.005,0.005
0,0,1,0,0,0,0,0,0,0,0,1,0,0,0,0,0,0.746,0.756,0.756,0.01,0.01
0,0,0,0,0,0,0,1,0,0,0,0,0,0,0,0,0,0.616,0.616,0.616,0,0
0,0,1,1,0,0,0,0,0,0,0,1,0,0,0,0,0,0.696,0.704,0.704,0.008,0.008
1,0,1,1,0,0,0,0,0,0,0,1,0,0,0,0,0,0.745,0.743,0.743,0.002,0.002
0,0,1,0,0,0,0,0,0,0,0,0,0,0,0,0,0,0.769,0.776,0.776,0.007,0.007
0,1,1,1,0,0,1,1,0,1,0,0,0,1,0,1,0,0.532,0.527,0.454,0.078,0.005
0,1,1,1,1,0,1,1,0,1,0,1,0,1,0,1,0,0.527,0.531,0.458,0.069,0.004
1,1,0,1,1,0,0,0,0,0,0,0,0,0,0,0,0,0.234,0.237,0.237,0.003,0.003
0,1,0,1,1,0,0,0,0,0,0,0,0,0,0,0,0,0.198,0.198,0.198,0,0
0,0,0,0,0,0,0,0,0,0,0,0,0,0,0,0,0,0.503,0.496,0.496,0.007,0.007
0,0,0,0,0,0,0,0,0,0,0,0,0,0,0,0,0,0.49,0.496,0.496,0.006,0.006
1,0,1,0,0,1,0,1,0,0,0,1,1,0,0,0,0,0.933,0.93,0.91,0.023,0.003
1,0,1,1,0,1,0,1,0,0,0,1,1,0,0,1,0,0.88,0.878,0.826,0.054,0.002
1,0,1,0,0,1,0,0,0,0,0,1,1,0,0,0,0,0.804,0.81,0.79,0.014,0.006
1,1,1,0,1,1,1,1,0,1,0,1,1,1,0,0,0,0.639,0.637,0.576,0.063,0.002
1,1,1,1,0,0,0,0,0,1,0,0,0,0,0,0,0,0.474,0.478,0.478,0.004,0.004
0,1,0,1,1,0,0,0,0,0,0,0,0,0,0,0,0,0.206,0.198,0.198,0.008,0.008
1,1,0,1,0,1,1,1,0,0,0,0,0,1,0,1,0,0.314,0.316,0.243,0.071,0.002
1,1,1,1,0,1,1,0,0,1,0,0,1,0,0,0,0,0.452,0.461,0.441,0.011,0.009
1,1,0,1,1,1,1,0,0,0,0,0,0,0,0,0,0,0.222,0.22,0.22,0.002,0.002
1,0,0,1,0,0,0,0,0,0,0,0,0,0,0,0,0,0.491,0.483,0.483,0.008,0.008
1,1,1,1,1,0,0,0,0,1,0,1,0,0,0,0,0,0.484,0.482,0.482,0.002,0.002
0,0,0,1,0,0,0,0,0,0,0,0,0,0,0,0,0,0.451,0.444,0.444,0.007,0.007
1,1,0,0,0,1,1,0,0,0,0,0,0,0,0,0,0,0.248,0.248,0.248,9.99E-16,9.99E-16
0,1,1,1,0,0,1,0,0,1,0,0,0,0,0,0,0,0.408,0.407,0.407,0.001,0.001
1,0,0,1,0,0,0,0,0,0,0,0,0,0,0,0,0,0.486,0.483,0.483,0.003,0.003
1,1,1,0,0,0,0,0,0,1,0,0,0,0,0,0,0,0.529,0.53,0.53,0.001,0.001
1,0,0,0,0,0,0,0,0,0,0,0,0,0,0,0,0,0.536,0.535,0.535,0.001,0.001
0,1,1,0,0,0,0,0,0,1,0,1,0,0,0,0,0,0.479,0.471,0.471,0.008,0.008
1,0,0,0,0,0,0,0,0,0,0,0,0,0,0,0,0,0.541,0.535,0.535,0.006,0.006
1,1,0,0,1,1,1,0,0,0,0,0,0,0,0,0,0,0.275,0.272,0.272,0.003,0.003
